datetime,acc_x,acc_y,acc_z
2020-07-16 09:29:03.000000,-39.0,-28.0,37.0
2020-07-16 09:29:03.031250,-38.0,-27.0,37.0
2020-07-16 09:29:03.062500,-37.0,-37.0,37.0
2020-07-16 09:29:03.093750,-47.0,-27.0,41.0
2020-07-16 09:29:03.125000,-39.0,-37.0,34.0
2020-07-16 09:29:03.156250,-39.0,-36.0,36.0
2020-07-16 09:29:03.187500,-45.0,-33.0,42.0
2020-07-16 09:29:03.218750,-38.0,-30.0,35.0
2020-07-16 09:29:03.250000,-39.0,-36.0,36.0
2020-07-16 09:29:03.281250,-42.0,-35.0,36.0
2020-07-16 09:29:03.312500,-41.0,-36.0,35.0
2020-07-16 09:29:03.343750,-38.0,-37.0,35.0
2020-07-16 09:29:03.375000,-43.0,-27.0,39.0
2020-07-16 09:29:03.406250,-42.0,-36.0,37.0
2020-07-16 09:29:03.437500,-40.0,-37.0,35.0
2020-07-16 09:29:03.468750,-45.0,-31.0,36.0
2020-07-16 09:29:03.500000,-40.0,-41.0,32.0
2020-07-16 09:29:03.531250,-41.0,-27.0,38.0
2020-07-16 09:29:03.562500,-33.0,-32.0,35.0
2020-07-16 09:29:03.593750,-48.0,-41.0,28.0
2020-07-16 09:29:03.625000,-41.0,-30.0,41.0
2020-07-16 09:29:03.656250,-33.0,-40.0,36.0
2020-07-16 09:29:03.687500,-44.0,-40.0,32.0
2020-07-16 09:29:03.718750,-40.0,-32.0,35.0
2020-07-16 09:29:03.750000,-37.0,-41.0,28.0
2020-07-16 09:29:03.781250,-45.0,-27.0,34.0
2020-07-16 09:29:03.812500,-45.0,-31.0,37.0
2020-07-16 09:29:03.843750,-42.0,-39.0,30.0
2020-07-16 09:29:03.875000,-44.0,-34.0,36.0
2020-07-16 09:29:03.906250,-40.0,-41.0,35.0
2020-07-16 09:29:03.937500,-45.0,-33.0,34.0
2020-07-16 09:29:03.968750,-45.0,-40.0,28.0
2020-07-16 09:29:04.000000,-36.0,-35.0,39.0
2020-07-16 09:29:04.031250,-43.0,-38.0,35.0
2020-07-16 09:29:04.062500,-52.0,-39.0,30.0
2020-07-16 09:29:04.093750,-39.0,-37.0,29.0
2020-07-16 09:29:04.125000,-18.0,-42.0,48.0
2020-07-16 09:29:04.156250,-38.0,-30.0,48.0
2020-07-16 09:29:04.187500,-26.0,-43.0,58.0
2020-07-16 09:29:04.218750,-55.0,-44.0,11.0
2020-07-16 09:29:04.250000,-20.0,-43.0,32.0
2020-07-16 09:29:04.281250,-45.0,-56.0,20.0
2020-07-16 09:29:04.312500,-60.0,-28.0,27.0
2020-07-16 09:29:04.343750,-21.0,-36.0,38.0
2020-07-16 09:29:04.375000,-34.0,-37.0,31.0
2020-07-16 09:29:04.406250,-44.0,-25.0,37.0
2020-07-16 09:29:04.437500,-34.0,-31.0,51.0
2020-07-16 09:29:04.468750,-43.0,-40.0,28.0
2020-07-16 09:29:04.500000,-47.0,-36.0,23.0
2020-07-16 09:29:04.531250,-48.0,-30.0,32.0
2020-07-16 09:29:04.562500,-43.0,-33.0,30.0
2020-07-16 09:29:04.593750,-39.0,-25.0,41.0
2020-07-16 09:29:04.625000,-48.0,-20.0,36.0
2020-07-16 09:29:04.656250,-37.0,-42.0,43.0
2020-07-16 09:29:04.687500,-47.0,-29.0,45.0
2020-07-16 09:29:04.718750,-33.0,-27.0,17.0
2020-07-16 09:29:04.750000,-55.0,-52.0,29.0
2020-07-16 09:29:04.781250,-65.0,-23.0,33.0
2020-07-16 09:29:04.812500,-57.0,-7.0,38.0
2020-07-16 09:29:04.843750,-42.0,-24.0,36.0
2020-07-16 09:29:04.875000,-32.0,-34.0,38.0
2020-07-16 09:29:04.906250,-34.0,-19.0,43.0
2020-07-16 09:29:04.937500,-26.0,-42.0,36.0
2020-07-16 09:29:04.968750,-29.0,2.0,3.0
2020-07-16 09:29:05.000000,-71.0,-25.0,71.0
2020-07-16 09:29:05.031250,-67.0,-2.0,51.0
2020-07-16 09:29:05.062500,-61.0,13.0,31.0
2020-07-16 09:29:05.093750,-76.0,47.0,35.0
2020-07-16 09:29:05.125000,-52.0,20.0,44.0
2020-07-16 09:29:05.156250,-30.0,2.0,44.0
2020-07-16 09:29:05.187500,-24.0,12.0,65.0
2020-07-16 09:29:05.218750,-32.0,34.0,59.0
2020-07-16 09:29:05.250000,-30.0,5.0,8.0
2020-07-16 09:29:05.281250,26.0,10.0,0.0
2020-07-16 09:29:05.312500,80.0,-28.0,112.0
2020-07-16 09:29:05.343750,70.0,23.0,103.0
2020-07-16 09:29:05.375000,44.0,-1.0,50.0
2020-07-16 09:29:05.406250,15.0,1.0,31.0
2020-07-16 09:29:05.437500,39.0,13.0,60.0
2020-07-16 09:29:05.468750,39.0,-3.0,62.0
2020-07-16 09:29:05.500000,27.0,0.0,56.0
2020-07-16 09:29:05.531250,28.0,-3.0,52.0
2020-07-16 09:29:05.562500,27.0,19.0,47.0
2020-07-16 09:29:05.593750,31.0,-3.0,59.0
2020-07-16 09:29:05.625000,32.0,-2.0,58.0
2020-07-16 09:29:05.656250,33.0,4.0,57.0
2020-07-16 09:29:05.687500,32.0,8.0,57.0
2020-07-16 09:29:05.718750,25.0,4.0,53.0
2020-07-16 09:29:05.750000,26.0,2.0,58.0
2020-07-16 09:29:05.781250,30.0,7.0,59.0
2020-07-16 09:29:05.812500,27.0,3.0,59.0
2020-07-16 09:29:05.843750,24.0,4.0,55.0
2020-07-16 09:29:05.875000,25.0,8.0,53.0
2020-07-16 09:29:05.906250,24.0,9.0,52.0
2020-07-16 09:29:05.937500,23.0,10.0,53.0
2020-07-16 09:29:05.968750,28.0,8.0,56.0
2020-07-16 09:29:06.000000,27.0,6.0,58.0
2020-07-16 09:29:06.031250,24.0,8.0,57.0
2020-07-16 09:29:06.062500,24.0,7.0,58.0
2020-07-16 09:29:06.093750,28.0,9.0,60.0
2020-07-16 09:29:06.125000,19.0,6.0,54.0
2020-07-16 09:29:06.156250,21.0,5.0,56.0
2020-07-16 09:29:06.187500,28.0,6.0,58.0
2020-07-16 09:29:06.218750,28.0,5.0,59.0
2020-07-16 09:29:06.250000,25.0,2.0,56.0
2020-07-16 09:29:06.281250,26.0,3.0,56.0
2020-07-16 09:29:06.312500,29.0,4.0,56.0
2020-07-16 09:29:06.343750,29.0,3.0,55.0
2020-07-16 09:29:06.375000,31.0,6.0,55.0
2020-07-16 09:29:06.406250,30.0,6.0,55.0
2020-07-16 09:29:06.437500,29.0,5.0,56.0
2020-07-16 09:29:06.468750,31.0,1.0,59.0
2020-07-16 09:29:06.500000,31.0,2.0,63.0
2020-07-16 09:29:06.531250,27.0,3.0,61.0
2020-07-16 09:29:06.562500,32.0,1.0,66.0
2020-07-16 09:29:06.593750,30.0,9.0,63.0
2020-07-16 09:29:06.625000,24.0,10.0,64.0
2020-07-16 09:29:06.656250,22.0,-2.0,65.0
2020-07-16 09:29:06.687500,1.0,29.0,48.0
2020-07-16 09:29:06.718750,-1.0,19.0,43.0
2020-07-16 09:29:06.750000,7.0,23.0,58.0
2020-07-16 09:29:06.781250,-11.0,31.0,32.0
2020-07-16 09:29:06.812500,-14.0,33.0,32.0
2020-07-16 09:29:06.843750,-8.0,31.0,40.0
2020-07-16 09:29:06.875000,-3.0,33.0,47.0
2020-07-16 09:29:06.906250,-1.0,-1.0,49.0
2020-07-16 09:29:06.937500,3.0,16.0,97.0
2020-07-16 09:29:06.968750,-11.0,-3.0,58.0
2020-07-16 09:29:07.000000,-42.0,9.0,66.0
2020-07-16 09:29:07.031250,-43.0,20.0,70.0
2020-07-16 09:29:07.062500,-10.0,10.0,75.0
2020-07-16 09:29:07.093750,-28.0,-10.0,37.0
2020-07-16 09:29:07.125000,-56.0,-34.0,16.0
2020-07-16 09:29:07.156250,-56.0,-7.0,20.0
2020-07-16 09:29:07.187500,-61.0,-23.0,13.0
2020-07-16 09:29:07.218750,-50.0,-24.0,8.0
2020-07-16 09:29:07.250000,-46.0,-14.0,2.0
2020-07-16 09:29:07.281250,-74.0,18.0,18.0
2020-07-16 09:29:07.312500,-59.0,-11.0,2.0
2020-07-16 09:29:07.343750,-50.0,-2.0,-4.0
2020-07-16 09:29:07.375000,-91.0,32.0,18.0
2020-07-16 09:29:07.406250,-86.0,-3.0,16.0
2020-07-16 09:29:07.437500,-61.0,-7.0,10.0
2020-07-16 09:29:07.468750,-46.0,5.0,12.0
2020-07-16 09:29:07.500000,-42.0,19.0,19.0
2020-07-16 09:29:07.531250,-88.0,15.0,7.0
2020-07-16 09:29:07.562500,-74.0,13.0,21.0
2020-07-16 09:29:07.593750,-57.0,50.0,24.0
2020-07-16 09:29:07.625000,-50.0,26.0,34.0
2020-07-16 09:29:07.656250,-54.0,16.0,12.0
2020-07-16 09:29:07.687500,-90.0,41.0,1.0
2020-07-16 09:29:07.718750,-38.0,-1.0,5.0
2020-07-16 09:29:07.750000,-79.0,3.0,8.0
2020-07-16 09:29:07.781250,-66.0,7.0,-1.0
2020-07-16 09:29:07.812500,-67.0,26.0,-9.0
2020-07-16 09:29:07.843750,-48.0,9.0,11.0
2020-07-16 09:29:07.875000,-54.0,9.0,0.0
2020-07-16 09:29:07.906250,-71.0,21.0,-27.0
2020-07-16 09:29:07.937500,-62.0,19.0,-1.0
2020-07-16 09:29:07.968750,-58.0,8.0,-10.0
2020-07-16 09:29:08.000000,-74.0,23.0,-14.0
2020-07-16 09:29:08.031250,-81.0,30.0,-19.0
2020-07-16 09:29:08.062500,-47.0,0.0,4.0
2020-07-16 09:29:08.093750,-63.0,21.0,-4.0
2020-07-16 09:29:08.125000,-83.0,46.0,-22.0
2020-07-16 09:29:08.156250,-65.0,2.0,0.0
2020-07-16 09:29:08.187500,-60.0,0.0,-1.0
2020-07-16 09:29:08.218750,-62.0,8.0,-12.0
2020-07-16 09:29:08.250000,-61.0,-7.0,-3.0
2020-07-16 09:29:08.281250,-55.0,25.0,-4.0
2020-07-16 09:29:08.312500,-62.0,22.0,-5.0
2020-07-16 09:29:08.343750,-52.0,14.0,-4.0
2020-07-16 09:29:08.375000,-57.0,-12.0,-9.0
2020-07-16 09:29:08.406250,-61.0,-7.0,-11.0
2020-07-16 09:29:08.437500,-72.0,14.0,-17.0
2020-07-16 09:29:08.468750,-64.0,-9.0,-18.0
2020-07-16 09:29:08.500000,-60.0,-12.0,-24.0
2020-07-16 09:29:08.531250,-52.0,-12.0,-15.0
2020-07-16 09:29:08.562500,-61.0,-21.0,-22.0
2020-07-16 09:29:08.593750,-41.0,-32.0,-40.0
2020-07-16 09:29:08.625000,-47.0,-23.0,-31.0
2020-07-16 09:29:08.656250,-66.0,6.0,-19.0
2020-07-16 09:29:08.687500,-78.0,12.0,-18.0
2020-07-16 09:29:08.718750,-75.0,-10.0,-28.0
2020-07-16 09:29:08.750000,-70.0,-5.0,-32.0
2020-07-16 09:29:08.781250,-73.0,9.0,-21.0
2020-07-16 09:29:08.812500,-45.0,2.0,-19.0
2020-07-16 09:29:08.843750,-60.0,16.0,-10.0
2020-07-16 09:29:08.875000,-67.0,24.0,-14.0
2020-07-16 09:29:08.906250,-82.0,-12.0,-22.0
2020-07-16 09:29:08.937500,-76.0,-28.0,-25.0
2020-07-16 09:29:08.968750,-50.0,7.0,-8.0
2020-07-16 09:29:09.000000,-46.0,17.0,-5.0
2020-07-16 09:29:09.031250,-58.0,2.0,-5.0
2020-07-16 09:29:09.062500,-59.0,-5.0,-18.0
2020-07-16 09:29:09.093750,-57.0,-21.0,-23.0
2020-07-16 09:29:09.125000,-86.0,-6.0,-23.0
2020-07-16 09:29:09.156250,-70.0,-6.0,-22.0
2020-07-16 09:29:09.187500,-46.0,-15.0,-19.0
2020-07-16 09:29:09.218750,-65.0,-5.0,-21.0
2020-07-16 09:29:09.250000,-51.0,-13.0,-26.0
2020-07-16 09:29:09.281250,-59.0,-4.0,-26.0
2020-07-16 09:29:09.312500,-75.0,3.0,-18.0
2020-07-16 09:29:09.343750,-40.0,-18.0,-31.0
2020-07-16 09:29:09.375000,-66.0,-8.0,-32.0
2020-07-16 09:29:09.406250,-82.0,1.0,-16.0
2020-07-16 09:29:09.437500,-38.0,-18.0,-33.0
2020-07-16 09:29:09.468750,-46.0,-16.0,-31.0
2020-07-16 09:29:09.500000,-67.0,6.0,-26.0
2020-07-16 09:29:09.531250,-38.0,2.0,-33.0
2020-07-16 09:29:09.562500,-71.0,-8.0,-26.0
2020-07-16 09:29:09.593750,-78.0,-14.0,-27.0
2020-07-16 09:29:09.625000,-39.0,-13.0,-32.0
2020-07-16 09:29:09.656250,-33.0,-24.0,-23.0
2020-07-16 09:29:09.687500,-49.0,-21.0,-31.0
2020-07-16 09:29:09.718750,-44.0,11.0,-30.0
2020-07-16 09:29:09.750000,-61.0,7.0,-43.0
2020-07-16 09:29:09.781250,-58.0,5.0,-67.0
2020-07-16 09:29:09.812500,-58.0,-18.0,-50.0
2020-07-16 09:29:09.843750,-55.0,-16.0,-57.0
2020-07-16 09:29:09.875000,-36.0,-8.0,-44.0
2020-07-16 09:29:09.906250,-36.0,4.0,-36.0
2020-07-16 09:29:09.937500,-54.0,32.0,-40.0
2020-07-16 09:29:09.968750,-63.0,1.0,-48.0
2020-07-16 09:29:10.000000,-58.0,-7.0,-50.0
2020-07-16 09:29:10.031250,-48.0,16.0,-55.0
2020-07-16 09:29:10.062500,-38.0,3.0,-46.0
2020-07-16 09:29:10.093750,-48.0,-16.0,-37.0
2020-07-16 09:29:10.125000,-52.0,-6.0,-46.0
2020-07-16 09:29:10.156250,-45.0,-2.0,-39.0
2020-07-16 09:29:10.187500,-42.0,23.0,-34.0
2020-07-16 09:29:10.218750,-44.0,28.0,-37.0
2020-07-16 09:29:10.250000,-64.0,-16.0,-68.0
2020-07-16 09:29:10.281250,-50.0,-2.0,-42.0
2020-07-16 09:29:10.312500,-48.0,-1.0,-46.0
2020-07-16 09:29:10.343750,-52.0,-2.0,-40.0
2020-07-16 09:29:10.375000,-47.0,3.0,-35.0
2020-07-16 09:29:10.406250,-55.0,1.0,-37.0
2020-07-16 09:29:10.437500,-41.0,-6.0,-38.0
2020-07-16 09:29:10.468750,-64.0,16.0,-41.0
2020-07-16 09:29:10.500000,-52.0,-3.0,-42.0
2020-07-16 09:29:10.531250,-55.0,-7.0,-45.0
2020-07-16 09:29:10.562500,-60.0,11.0,-35.0
2020-07-16 09:29:10.593750,-60.0,13.0,-34.0
2020-07-16 09:29:10.625000,-46.0,8.0,-30.0
2020-07-16 09:29:10.656250,-48.0,17.0,-23.0
2020-07-16 09:29:10.687500,-43.0,2.0,-36.0
2020-07-16 09:29:10.718750,-56.0,25.0,-33.0
2020-07-16 09:29:10.750000,-63.0,36.0,-29.0
2020-07-16 09:29:10.781250,-56.0,-36.0,-54.0
2020-07-16 09:29:10.812500,-69.0,31.0,-23.0
2020-07-16 09:29:10.843750,-56.0,-12.0,-40.0
2020-07-16 09:29:10.875000,-60.0,-28.0,-75.0
2020-07-16 09:29:10.906250,-73.0,25.0,-61.0
2020-07-16 09:29:10.937500,-48.0,34.0,-21.0
2020-07-16 09:29:10.968750,-33.0,5.0,-24.0
2020-07-16 09:29:11.000000,-47.0,2.0,-21.0
2020-07-16 09:29:11.031250,-44.0,-14.0,-28.0
2020-07-16 09:29:11.062500,-55.0,-18.0,-19.0
2020-07-16 09:29:11.093750,-88.0,-6.0,-36.0
2020-07-16 09:29:11.125000,-66.0,-7.0,-38.0
2020-07-16 09:29:11.156250,-36.0,-12.0,-23.0
2020-07-16 09:29:11.187500,-54.0,-2.0,-33.0
2020-07-16 09:29:11.218750,-57.0,2.0,-33.0
2020-07-16 09:29:11.250000,-77.0,-11.0,-18.0
2020-07-16 09:29:11.281250,-86.0,-23.0,-27.0
2020-07-16 09:29:11.312500,-77.0,2.0,-29.0
2020-07-16 09:29:11.343750,-62.0,7.0,-21.0
2020-07-16 09:29:11.375000,-25.0,-29.0,-12.0
2020-07-16 09:29:11.406250,-30.0,-29.0,-11.0
2020-07-16 09:29:11.437500,-46.0,-15.0,-20.0
2020-07-16 09:29:11.468750,-73.0,-14.0,-20.0
2020-07-16 09:29:11.500000,-78.0,-17.0,-31.0
2020-07-16 09:29:11.531250,-61.0,-24.0,-27.0
2020-07-16 09:29:11.562500,-60.0,1.0,-16.0
2020-07-16 09:29:11.593750,-62.0,-2.0,-29.0
2020-07-16 09:29:11.625000,-66.0,-27.0,-14.0
2020-07-16 09:29:11.656250,-72.0,-12.0,-24.0
2020-07-16 09:29:11.687500,-42.0,-40.0,1.0
2020-07-16 09:29:11.718750,-60.0,25.0,3.0
2020-07-16 09:29:11.750000,-72.0,19.0,-13.0
2020-07-16 09:29:11.781250,-60.0,-38.0,-14.0
2020-07-16 09:29:11.812500,-54.0,-17.0,-18.0
2020-07-16 09:29:11.843750,-49.0,-14.0,-27.0
2020-07-16 09:29:11.875000,-51.0,-18.0,-29.0
2020-07-16 09:29:11.906250,-64.0,-8.0,-27.0
2020-07-16 09:29:11.937500,-51.0,-18.0,-44.0
2020-07-16 09:29:11.968750,-50.0,-27.0,-45.0
2020-07-16 09:29:12.000000,-75.0,-2.0,-37.0
2020-07-16 09:29:12.031250,-68.0,1.0,-38.0
2020-07-16 09:29:12.062500,-51.0,-18.0,-28.0
2020-07-16 09:29:12.093750,-62.0,0.0,-32.0
2020-07-16 09:29:12.125000,-75.0,3.0,-36.0
2020-07-16 09:29:12.156250,-37.0,2.0,-26.0
2020-07-16 09:29:12.187500,-18.0,-9.0,-1.0
2020-07-16 09:29:12.218750,-69.0,24.0,-22.0
2020-07-16 09:29:12.250000,-91.0,4.0,-29.0
2020-07-16 09:29:12.281250,-63.0,-29.0,-28.0
2020-07-16 09:29:12.312500,-41.0,-14.0,-27.0
2020-07-16 09:29:12.343750,-43.0,1.0,-21.0
2020-07-16 09:29:12.375000,-37.0,-3.0,1.0
2020-07-16 09:29:12.406250,-97.0,52.0,4.0
2020-07-16 09:29:12.437500,-42.0,-26.0,3.0
2020-07-16 09:29:12.468750,-64.0,-30.0,-36.0
2020-07-16 09:29:12.500000,-42.0,-29.0,-20.0
2020-07-16 09:29:12.531250,-49.0,-15.0,-18.0
2020-07-16 09:29:12.562500,-77.0,2.0,-19.0
2020-07-16 09:29:12.593750,0.0,-25.0,11.0
2020-07-16 09:29:12.625000,-107.0,28.0,-4.0
2020-07-16 09:29:12.656250,-78.0,-10.0,-14.0
2020-07-16 09:29:12.687500,-72.0,3.0,0.0
2020-07-16 09:29:12.718750,-74.0,-1.0,-11.0
2020-07-16 09:29:12.750000,-88.0,-50.0,-33.0
2020-07-16 09:29:12.781250,-97.0,22.0,-35.0
2020-07-16 09:29:12.812500,-54.0,56.0,-20.0
2020-07-16 09:29:12.843750,-35.0,4.0,34.0
2020-07-16 09:29:12.875000,-29.0,-7.0,20.0
2020-07-16 09:29:12.906250,-14.0,25.0,47.0
2020-07-16 09:29:12.937500,-16.0,22.0,32.0
2020-07-16 09:29:12.968750,-64.0,47.0,-8.0
2020-07-16 09:29:13.000000,-84.0,-4.0,-1.0
2020-07-16 09:29:13.031250,-76.0,-6.0,9.0
2020-07-16 09:29:13.062500,-50.0,31.0,15.0
2020-07-16 09:29:13.093750,-61.0,25.0,9.0
2020-07-16 09:29:13.125000,-65.0,5.0,10.0
2020-07-16 09:29:13.156250,-60.0,-1.0,14.0
2020-07-16 09:29:13.187500,-70.0,12.0,7.0
2020-07-16 09:29:13.218750,-67.0,10.0,25.0
2020-07-16 09:29:13.250000,-68.0,4.0,13.0
2020-07-16 09:29:13.281250,-61.0,17.0,24.0
2020-07-16 09:29:13.312500,-60.0,-4.0,15.0
2020-07-16 09:29:13.343750,-61.0,1.0,14.0
2020-07-16 09:29:13.375000,-65.0,-12.0,12.0
2020-07-16 09:29:13.406250,-52.0,4.0,29.0
2020-07-16 09:29:13.437500,-50.0,7.0,24.0
2020-07-16 09:29:13.468750,-62.0,-8.0,16.0
2020-07-16 09:29:13.500000,-67.0,9.0,13.0
2020-07-16 09:29:13.531250,-62.0,7.0,27.0
2020-07-16 09:29:13.562500,-64.0,4.0,21.0
2020-07-16 09:29:13.593750,-59.0,8.0,12.0
2020-07-16 09:29:13.625000,-61.0,-2.0,19.0
2020-07-16 09:29:13.656250,-60.0,15.0,9.0
2020-07-16 09:29:13.687500,-66.0,-15.0,13.0
2020-07-16 09:29:13.718750,-51.0,10.0,21.0
2020-07-16 09:29:13.750000,-64.0,9.0,6.0
2020-07-16 09:29:13.781250,-72.0,-28.0,6.0
2020-07-16 09:29:13.812500,-35.0,-55.0,23.0
2020-07-16 09:29:13.843750,-32.0,-2.0,27.0
2020-07-16 09:29:13.875000,-72.0,22.0,33.0
2020-07-16 09:29:13.906250,-68.0,31.0,31.0
2020-07-16 09:29:13.937500,-49.0,11.0,10.0
2020-07-16 09:29:13.968750,-53.0,-34.0,-2.0
2020-07-16 09:29:14.000000,-63.0,-8.0,-3.0
2020-07-16 09:29:14.031250,-72.0,1.0,-2.0
2020-07-16 09:29:14.062500,-80.0,-27.0,-13.0
2020-07-16 09:29:14.093750,-71.0,-45.0,1.0
2020-07-16 09:29:14.125000,-55.0,-22.0,34.0
2020-07-16 09:29:14.156250,-93.0,-19.0,12.0
2020-07-16 09:29:14.187500,-59.0,3.0,5.0
2020-07-16 09:29:14.218750,-54.0,-17.0,1.0
2020-07-16 09:29:14.250000,-71.0,-89.0,12.0
2020-07-16 09:29:14.281250,-50.0,-2.0,24.0
2020-07-16 09:29:14.312500,-32.0,-1.0,11.0
2020-07-16 09:29:14.343750,-74.0,-111.0,-6.0
2020-07-16 09:29:14.375000,-56.0,-92.0,-20.0
2020-07-16 09:29:14.406250,-43.0,56.0,30.0
2020-07-16 09:29:14.437500,-17.0,-57.0,57.0
2020-07-16 09:29:14.468750,-40.0,-1.0,22.0
2020-07-16 09:29:14.500000,-21.0,25.0,74.0
2020-07-16 09:29:14.531250,-19.0,11.0,57.0
2020-07-16 09:29:14.562500,-33.0,18.0,14.0
2020-07-16 09:29:14.593750,-16.0,8.0,79.0
2020-07-16 09:29:14.625000,-6.0,-18.0,103.0
2020-07-16 09:29:14.656250,-25.0,-18.0,72.0
2020-07-16 09:29:14.687500,-24.0,-39.0,79.0
2020-07-16 09:29:14.718750,-54.0,-13.0,50.0
2020-07-16 09:29:14.750000,-63.0,13.0,64.0
2020-07-16 09:29:14.781250,-37.0,-30.0,36.0
2020-07-16 09:29:14.812500,-59.0,-23.0,48.0
2020-07-16 09:29:14.843750,-7.0,-36.0,5.0
2020-07-16 09:29:14.875000,26.0,-22.0,33.0
2020-07-16 09:29:14.906250,-60.0,21.0,42.0
2020-07-16 09:29:14.937500,-35.0,45.0,56.0
2020-07-16 09:29:14.968750,-90.0,-12.0,30.0
2020-07-16 09:29:15.000000,-49.0,8.0,50.0
2020-07-16 09:29:15.031250,-51.0,8.0,44.0
2020-07-16 09:29:15.062500,-60.0,13.0,47.0
2020-07-16 09:29:15.093750,-73.0,15.0,51.0
2020-07-16 09:29:15.125000,-77.0,26.0,39.0
2020-07-16 09:29:15.156250,-112.0,-6.0,34.0
2020-07-16 09:29:15.187500,-26.0,18.0,27.0
2020-07-16 09:29:15.218750,-6.0,-13.0,22.0
2020-07-16 09:29:15.250000,-77.0,-37.0,-2.0
2020-07-16 09:29:15.281250,-85.0,-20.0,-6.0
2020-07-16 09:29:15.312500,-41.0,-3.0,7.0
2020-07-16 09:29:15.343750,-49.0,11.0,16.0
2020-07-16 09:29:15.375000,-48.0,28.0,22.0
2020-07-16 09:29:15.406250,-42.0,43.0,36.0
2020-07-16 09:29:15.437500,-40.0,51.0,47.0
2020-07-16 09:29:15.468750,-24.0,24.0,48.0
2020-07-16 09:29:15.500000,-60.0,-38.0,33.0
2020-07-16 09:29:15.531250,-35.0,-8.0,40.0
2020-07-16 09:29:15.562500,-37.0,13.0,46.0
2020-07-16 09:29:15.593750,-28.0,16.0,44.0
2020-07-16 09:29:15.625000,-52.0,-8.0,40.0
2020-07-16 09:29:15.656250,-55.0,-11.0,37.0
2020-07-16 09:29:15.687500,-41.0,-1.0,45.0
2020-07-16 09:29:15.718750,-63.0,-22.0,39.0
2020-07-16 09:29:15.750000,-69.0,-28.0,33.0
2020-07-16 09:29:15.781250,-57.0,-10.0,30.0
2020-07-16 09:29:15.812500,-43.0,3.0,44.0
2020-07-16 09:29:15.843750,-35.0,4.0,45.0
2020-07-16 09:29:15.875000,-47.0,-3.0,42.0
2020-07-16 09:29:15.906250,-30.0,3.0,46.0
2020-07-16 09:29:15.937500,-37.0,1.0,47.0
2020-07-16 09:29:15.968750,-38.0,-4.0,47.0
2020-07-16 09:29:16.000000,-54.0,-14.0,39.0
2020-07-16 09:29:16.031250,-52.0,-5.0,41.0
2020-07-16 09:29:16.062500,-55.0,0.0,41.0
2020-07-16 09:29:16.093750,-55.0,-9.0,41.0
2020-07-16 09:29:16.125000,-49.0,-7.0,41.0
2020-07-16 09:29:16.156250,-50.0,-6.0,41.0
2020-07-16 09:29:16.187500,-50.0,-6.0,41.0
2020-07-16 09:29:16.218750,-48.0,-4.0,42.0
2020-07-16 09:29:16.250000,-48.0,-4.0,41.0
2020-07-16 09:29:16.281250,-48.0,-4.0,42.0
2020-07-16 09:29:16.312500,-41.0,-4.0,48.0
2020-07-16 09:29:16.343750,-36.0,-7.0,48.0
2020-07-16 09:29:16.375000,-54.0,-5.0,41.0
2020-07-16 09:29:16.406250,-42.0,-3.0,42.0
2020-07-16 09:29:16.437500,-45.0,-1.0,42.0
2020-07-16 09:29:16.468750,-39.0,0.0,35.0
2020-07-16 09:29:16.500000,-54.0,9.0,42.0
2020-07-16 09:29:16.531250,-36.0,-7.0,18.0
2020-07-16 09:29:16.562500,-55.0,-22.0,76.0
2020-07-16 09:29:16.593750,-4.0,-48.0,68.0
2020-07-16 09:29:16.625000,-39.0,-13.0,41.0
2020-07-16 09:29:16.656250,-23.0,49.0,80.0
2020-07-16 09:29:16.687500,-29.0,-16.0,37.0
2020-07-16 09:29:16.718750,-12.0,-25.0,38.0
2020-07-16 09:29:16.750000,7.0,-1.0,72.0
2020-07-16 09:29:16.781250,-13.0,54.0,50.0
2020-07-16 09:29:16.812500,-3.0,20.0,33.0
2020-07-16 09:29:16.843750,-8.0,45.0,15.0
2020-07-16 09:29:16.875000,9.0,84.0,41.0
2020-07-16 09:29:16.906250,2.0,88.0,17.0
2020-07-16 09:29:16.937500,-18.0,-3.0,-107.0
2020-07-16 09:29:16.968750,-34.0,127.0,-103.0
2020-07-16 09:29:17.000000,-39.0,127.0,-13.0
2020-07-16 09:29:17.031250,-18.0,50.0,-84.0
2020-07-16 09:29:17.062500,-5.0,34.0,-18.0
2020-07-16 09:29:17.093750,-11.0,91.0,26.0
2020-07-16 09:29:17.125000,5.0,39.0,-65.0
2020-07-16 09:29:17.156250,-20.0,42.0,-30.0
2020-07-16 09:29:17.187500,-3.0,33.0,-21.0
2020-07-16 09:29:17.218750,-20.0,34.0,-55.0
2020-07-16 09:29:17.250000,-14.0,47.0,-43.0
2020-07-16 09:29:17.281250,-17.0,61.0,-60.0
2020-07-16 09:29:17.312500,-5.0,55.0,-49.0
2020-07-16 09:29:17.343750,-12.0,38.0,-72.0
2020-07-16 09:29:17.375000,-10.0,20.0,-31.0
2020-07-16 09:29:17.406250,-4.0,14.0,-25.0
2020-07-16 09:29:17.437500,-9.0,9.0,-58.0
2020-07-16 09:29:17.468750,-10.0,32.0,-47.0
2020-07-16 09:29:17.500000,-9.0,32.0,-58.0
2020-07-16 09:29:17.531250,-10.0,39.0,-56.0
2020-07-16 09:29:17.562500,-15.0,43.0,-58.0
2020-07-16 09:29:17.593750,-14.0,30.0,-57.0
2020-07-16 09:29:17.625000,-8.0,31.0,-61.0
2020-07-16 09:29:17.656250,-8.0,44.0,-53.0
2020-07-16 09:29:17.687500,-11.0,31.0,-55.0
2020-07-16 09:29:17.718750,-8.0,25.0,-53.0
2020-07-16 09:29:17.750000,-12.0,38.0,-52.0
2020-07-16 09:29:17.781250,-14.0,42.0,-53.0
2020-07-16 09:29:17.812500,-4.0,30.0,-55.0
2020-07-16 09:29:17.843750,-11.0,40.0,-58.0
2020-07-16 09:29:17.875000,-12.0,41.0,-58.0
2020-07-16 09:29:17.906250,-5.0,31.0,-50.0
2020-07-16 09:29:17.937500,-5.0,35.0,-47.0
2020-07-16 09:29:17.968750,-7.0,39.0,-56.0
2020-07-16 09:29:18.000000,-9.0,37.0,-51.0
2020-07-16 09:29:18.031250,-8.0,42.0,-54.0
2020-07-16 09:29:18.062500,-8.0,38.0,-49.0
2020-07-16 09:29:18.093750,-5.0,32.0,-45.0
2020-07-16 09:29:18.125000,-8.0,34.0,-55.0
2020-07-16 09:29:18.156250,-11.0,42.0,-55.0
2020-07-16 09:29:18.187500,-6.0,46.0,-47.0
2020-07-16 09:29:18.218750,-9.0,31.0,-56.0
2020-07-16 09:29:18.250000,-11.0,35.0,-57.0
2020-07-16 09:29:18.281250,-6.0,45.0,-42.0
2020-07-16 09:29:18.312500,-8.0,39.0,-53.0
2020-07-16 09:29:18.343750,-10.0,44.0,-52.0
2020-07-16 09:29:18.375000,-6.0,36.0,-49.0
2020-07-16 09:29:18.406250,-7.0,32.0,-47.0
2020-07-16 09:29:18.437500,-9.0,41.0,-49.0
2020-07-16 09:29:18.468750,-8.0,42.0,-48.0
2020-07-16 09:29:18.500000,-8.0,39.0,-53.0
2020-07-16 09:29:18.531250,-8.0,41.0,-52.0
2020-07-16 09:29:18.562500,-9.0,43.0,-51.0
