Index,Timestamp,Event Type,Event Subtype,Patient Info,Device Info,Source Device ID,Glucose Value,Insulin Value,Carb Value,Duration,Glucose Rate of Change,Transmitter Time
1,,FirstName,,2019,,,,,,,,
2,,LastName,,016,,,,,,,,
3,,DateOfBirth,,1970-01-01,,,,,,,,
4,,Device,,,Dexcom G6 Mobile App,iPhone G6,,,,,,
5,,Alert,Fall,,,iPhone G6,,,,,3.0,
6,,Alert,High,,,iPhone G6,200.0,,,,,
7,,Alert,Low,,,iPhone G6,80.0,,,,,
8,,Alert,Signal Loss,,,iPhone G6,,,,00:20:00,,
9,,Alert,Rise,,,iPhone G6,,,,,3.0,
10,,Alert,Urgent Low,,,iPhone G6,55.0,,,,,
11,,Alert,Urgent Low Soon,,,iPhone G6,55.0,,,,,
12,2020-07-16T10:43:25,EGV,,,,iPhone G6,138.0,,,,,8100.0
13,2020-07-16T10:48:24,EGV,,,,iPhone G6,134.0,,,,,8400.0
14,2020-07-16T10:53:24,EGV,,,,iPhone G6,130.0,,,,,8700.0
15,2020-07-16T10:58:24,EGV,,,,iPhone G6,127.0,,,,,9000.0
16,2020-07-16T11:03:25,EGV,,,,iPhone G6,122.0,,,,,9300.0
17,2020-07-16T11:08:24,EGV,,,,iPhone G6,121.0,,,,,9600.0
18,2020-07-16T11:13:25,EGV,,,,iPhone G6,121.0,,,,,9900.0
19,2020-07-16T11:18:24,EGV,,,,iPhone G6,117.0,,,,,10200.0
20,2020-07-16T11:23:24,EGV,,,,iPhone G6,113.0,,,,,10500.0
21,2020-07-16T11:28:25,EGV,,,,iPhone G6,105.0,,,,,10800.0
22,2020-07-16T11:33:24,EGV,,,,iPhone G6,108.0,,,,,11100.0
23,2020-07-16T11:38:24,EGV,,,,iPhone G6,106.0,,,,,11400.0
24,2020-07-16T11:43:24,EGV,,,,iPhone G6,107.0,,,,,11700.0
25,2020-07-16T11:48:24,EGV,,,,iPhone G6,100.0,,,,,12000.0
26,2020-07-16T11:53:24,EGV,,,,iPhone G6,95.0,,,,,12300.0
27,2020-07-16T11:58:25,EGV,,,,iPhone G6,94.0,,,,,12600.0
28,2020-07-16T12:03:25,EGV,,,,iPhone G6,96.0,,,,,12900.0
29,2020-07-16T12:08:24,EGV,,,,iPhone G6,98.0,,,,,13200.0
30,2020-07-16T12:13:24,EGV,,,,iPhone G6,99.0,,,,,13500.0
31,2020-07-16T12:18:25,EGV,,,,iPhone G6,98.0,,,,,13800.0
32,2020-07-16T12:23:26,EGV,,,,iPhone G6,99.0,,,,,14100.0
33,2020-07-16T12:28:25,EGV,,,,iPhone G6,100.0,,,,,14400.0
34,2020-07-16T12:33:26,EGV,,,,iPhone G6,101.0,,,,,14700.0
35,2020-07-16T12:38:26,EGV,,,,iPhone G6,100.0,,,,,15000.0
36,2020-07-16T12:43:26,EGV,,,,iPhone G6,99.0,,,,,15300.0
37,2020-07-16T12:48:26,EGV,,,,iPhone G6,98.0,,,,,15600.0
38,2020-07-16T12:53:25,EGV,,,,iPhone G6,96.0,,,,,15900.0
39,2020-07-16T12:58:25,EGV,,,,iPhone G6,95.0,,,,,16200.0
40,2020-07-16T13:03:26,EGV,,,,iPhone G6,93.0,,,,,16500.0
41,2020-07-16T13:08:25,EGV,,,,iPhone G6,96.0,,,,,16800.0
42,2020-07-16T13:13:26,EGV,,,,iPhone G6,103.0,,,,,17100.0
43,2020-07-16T13:18:26,EGV,,,,iPhone G6,107.0,,,,,17400.0
44,2020-07-16T13:23:25,EGV,,,,iPhone G6,103.0,,,,,17700.0
45,2020-07-16T13:28:26,EGV,,,,iPhone G6,94.0,,,,,18000.0
46,2020-07-16T13:33:25,EGV,,,,iPhone G6,85.0,,,,,18300.0
47,2020-07-16T13:38:26,EGV,,,,iPhone G6,84.0,,,,,18600.0
48,2020-07-16T13:43:24,EGV,,,,iPhone G6,89.0,,,,,18900.0
49,2020-07-16T13:48:24,EGV,,,,iPhone G6,94.0,,,,,19200.0
50,2020-07-16T13:53:25,EGV,,,,iPhone G6,93.0,,,,,19500.0
51,2020-07-16T13:58:24,EGV,,,,iPhone G6,88.0,,,,,19800.0
52,2020-07-16T14:03:24,EGV,,,,iPhone G6,81.0,,,,,20100.0
53,2020-07-16T14:08:24,EGV,,,,iPhone G6,78.0,,,,,20400.0
54,2020-07-16T14:13:24,EGV,,,,iPhone G6,77.0,,,,,20700.0
55,2020-07-16T14:18:24,EGV,,,,iPhone G6,83.0,,,,,21000.0
56,2020-07-16T14:23:25,EGV,,,,iPhone G6,89.0,,,,,21300.0
57,2020-07-16T14:28:25,EGV,,,,iPhone G6,95.0,,,,,21600.0
58,2020-07-16T14:33:25,EGV,,,,iPhone G6,97.0,,,,,21900.0
59,2020-07-16T14:38:24,EGV,,,,iPhone G6,97.0,,,,,22200.0
60,2020-07-16T14:43:25,EGV,,,,iPhone G6,97.0,,,,,22500.0
61,2020-07-16T14:48:25,EGV,,,,iPhone G6,97.0,,,,,22800.0
62,2020-07-16T14:53:25,EGV,,,,iPhone G6,102.0,,,,,23100.0
63,2020-07-16T14:58:25,EGV,,,,iPhone G6,106.0,,,,,23400.0
64,2020-07-16T15:03:25,EGV,,,,iPhone G6,110.0,,,,,23700.0
65,2020-07-16T15:08:24,EGV,,,,iPhone G6,112.0,,,,,24000.0
66,2020-07-16T15:13:25,EGV,,,,iPhone G6,113.0,,,,,24300.0
67,2020-07-16T15:18:25,EGV,,,,iPhone G6,114.0,,,,,24600.0
68,2020-07-16T15:23:24,EGV,,,,iPhone G6,112.0,,,,,24900.0
69,2020-07-16T15:28:25,EGV,,,,iPhone G6,108.0,,,,,25200.0
70,2020-07-16T15:33:25,EGV,,,,iPhone G6,102.0,,,,,25500.0
71,2020-07-16T15:38:24,EGV,,,,iPhone G6,98.0,,,,,25800.0
72,2020-07-16T15:43:24,EGV,,,,iPhone G6,96.0,,,,,26100.0
73,2020-07-16T15:48:25,EGV,,,,iPhone G6,95.0,,,,,26400.0
74,2020-07-16T15:53:24,EGV,,,,iPhone G6,94.0,,,,,26700.0
75,2020-07-16T15:58:25,EGV,,,,iPhone G6,93.0,,,,,27000.0
76,2020-07-16T16:03:24,EGV,,,,iPhone G6,96.0,,,,,27300.0
77,2020-07-16T16:08:25,EGV,,,,iPhone G6,101.0,,,,,27600.0
78,2020-07-16T16:13:25,EGV,,,,iPhone G6,113.0,,,,,27900.0
79,2020-07-16T16:18:25,EGV,,,,iPhone G6,125.0,,,,,28200.0
80,2020-07-16T16:23:24,EGV,,,,iPhone G6,138.0,,,,,28500.0
81,2020-07-16T16:28:24,EGV,,,,iPhone G6,149.0,,,,,28800.0
82,2020-07-16T16:33:24,EGV,,,,iPhone G6,154.0,,,,,29100.0
83,2020-07-16T16:38:24,EGV,,,,iPhone G6,155.0,,,,,29400.0
84,2020-07-16T16:43:25,EGV,,,,iPhone G6,151.0,,,,,29700.0
85,2020-07-16T16:48:24,EGV,,,,iPhone G6,154.0,,,,,30000.0
86,2020-07-16T16:53:24,EGV,,,,iPhone G6,157.0,,,,,30300.0
87,2020-07-16T16:58:24,EGV,,,,iPhone G6,159.0,,,,,30600.0
88,2020-07-16T17:03:24,EGV,,,,iPhone G6,156.0,,,,,30900.0
89,2020-07-16T17:08:24,EGV,,,,iPhone G6,149.0,,,,,31200.0
90,2020-07-16T17:13:25,EGV,,,,iPhone G6,139.0,,,,,31500.0
91,2020-07-16T17:18:25,EGV,,,,iPhone G6,130.0,,,,,31800.0
92,2020-07-16T17:23:25,EGV,,,,iPhone G6,124.0,,,,,32100.0
93,2020-07-16T17:28:25,EGV,,,,iPhone G6,120.0,,,,,32400.0
94,2020-07-16T17:33:24,EGV,,,,iPhone G6,118.0,,,,,32700.0
95,2020-07-16T17:38:24,EGV,,,,iPhone G6,115.0,,,,,33000.0
96,2020-07-16T17:43:25,EGV,,,,iPhone G6,112.0,,,,,33300.0
97,2020-07-16T17:48:24,EGV,,,,iPhone G6,106.0,,,,,33600.0
98,2020-07-16T17:53:25,EGV,,,,iPhone G6,102.0,,,,,33900.0
99,2020-07-16T17:58:25,EGV,,,,iPhone G6,98.0,,,,,34200.0
100,2020-07-16T18:03:25,EGV,,,,iPhone G6,96.0,,,,,34500.0
101,2020-07-16T18:08:25,EGV,,,,iPhone G6,96.0,,,,,34800.0
102,2020-07-16T18:13:25,EGV,,,,iPhone G6,102.0,,,,,35100.0
103,2020-07-16T18:18:25,EGV,,,,iPhone G6,109.0,,,,,35400.0
104,2020-07-16T18:23:24,EGV,,,,iPhone G6,113.0,,,,,35699.0
105,2020-07-16T18:28:24,EGV,,,,iPhone G6,111.0,,,,,35999.0
106,2020-07-16T18:33:24,EGV,,,,iPhone G6,109.0,,,,,36299.0
107,2020-07-16T18:38:23,EGV,,,,iPhone G6,116.0,,,,,36599.0
108,2020-07-16T18:43:24,EGV,,,,iPhone G6,129.0,,,,,36899.0
109,2020-07-16T18:48:24,EGV,,,,iPhone G6,144.0,,,,,37199.0
110,2020-07-16T18:53:24,EGV,,,,iPhone G6,151.0,,,,,37499.0
111,2020-07-16T18:58:24,EGV,,,,iPhone G6,152.0,,,,,37799.0
112,2020-07-16T19:03:24,EGV,,,,iPhone G6,152.0,,,,,38099.0
113,2020-07-16T19:08:23,EGV,,,,iPhone G6,152.0,,,,,38399.0
114,2020-07-16T19:13:24,EGV,,,,iPhone G6,150.0,,,,,38699.0
115,2020-07-16T19:18:24,EGV,,,,iPhone G6,145.0,,,,,38999.0
116,2020-07-16T19:23:23,EGV,,,,iPhone G6,138.0,,,,,39299.0
117,2020-07-16T19:28:24,EGV,,,,iPhone G6,131.0,,,,,39599.0
118,2020-07-16T19:33:24,EGV,,,,iPhone G6,126.0,,,,,39899.0
119,2020-07-16T19:38:24,EGV,,,,iPhone G6,127.0,,,,,40199.0
120,2020-07-16T19:43:23,EGV,,,,iPhone G6,130.0,,,,,40499.0
121,2020-07-16T19:48:23,EGV,,,,iPhone G6,139.0,,,,,40799.0
122,2020-07-16T19:53:24,EGV,,,,iPhone G6,145.0,,,,,41099.0
123,2020-07-16T19:58:24,EGV,,,,iPhone G6,145.0,,,,,41399.0
124,2020-07-16T20:03:24,EGV,,,,iPhone G6,136.0,,,,,41699.0
125,2020-07-16T20:08:24,EGV,,,,iPhone G6,124.0,,,,,41999.0
126,2020-07-16T20:13:24,EGV,,,,iPhone G6,118.0,,,,,42299.0
127,2020-07-16T20:18:24,EGV,,,,iPhone G6,115.0,,,,,42599.0
128,2020-07-16T20:23:25,EGV,,,,iPhone G6,113.0,,,,,42899.0
129,2020-07-16T20:28:25,EGV,,,,iPhone G6,108.0,,,,,43199.0
130,2020-07-16T20:33:25,EGV,,,,iPhone G6,104.0,,,,,43499.0
131,2020-07-16T20:38:24,EGV,,,,iPhone G6,101.0,,,,,43799.0
132,2020-07-16T20:43:25,EGV,,,,iPhone G6,101.0,,,,,44099.0
133,2020-07-16T20:48:24,EGV,,,,iPhone G6,102.0,,,,,44399.0
134,2020-07-16T20:53:25,EGV,,,,iPhone G6,105.0,,,,,44699.0
135,2020-07-16T20:58:24,EGV,,,,iPhone G6,108.0,,,,,44999.0
136,2020-07-16T21:03:25,EGV,,,,iPhone G6,111.0,,,,,45299.0
137,2020-07-16T21:08:24,EGV,,,,iPhone G6,114.0,,,,,45599.0
138,2020-07-16T21:13:24,EGV,,,,iPhone G6,117.0,,,,,45899.0
139,2020-07-16T21:18:24,EGV,,,,iPhone G6,119.0,,,,,46199.0
140,2020-07-16T21:23:24,EGV,,,,iPhone G6,119.0,,,,,46499.0
141,2020-07-16T21:28:24,EGV,,,,iPhone G6,116.0,,,,,46799.0
142,2020-07-16T21:33:24,EGV,,,,iPhone G6,111.0,,,,,47099.0
143,2020-07-16T21:38:24,EGV,,,,iPhone G6,104.0,,,,,47399.0
144,2020-07-16T21:43:24,EGV,,,,iPhone G6,100.0,,,,,47699.0
145,2020-07-16T21:48:25,EGV,,,,iPhone G6,100.0,,,,,47999.0
146,2020-07-16T21:53:25,EGV,,,,iPhone G6,105.0,,,,,48299.0
147,2020-07-16T21:58:24,EGV,,,,iPhone G6,109.0,,,,,48599.0
148,2020-07-16T22:03:25,EGV,,,,iPhone G6,112.0,,,,,48899.0
149,2020-07-16T22:08:23,EGV,,,,iPhone G6,112.0,,,,,49199.0
150,2020-07-16T22:13:23,EGV,,,,iPhone G6,112.0,,,,,49499.0
151,2020-07-16T22:18:23,EGV,,,,iPhone G6,113.0,,,,,49799.0
152,2020-07-16T22:23:25,EGV,,,,iPhone G6,114.0,,,,,50099.0
153,2020-07-16T22:28:25,EGV,,,,iPhone G6,113.0,,,,,50399.0
154,2020-07-16T22:33:25,EGV,,,,iPhone G6,110.0,,,,,50699.0
155,2020-07-16T22:38:25,EGV,,,,iPhone G6,105.0,,,,,50999.0
156,2020-07-16T22:43:25,EGV,,,,iPhone G6,102.0,,,,,51299.0
157,2020-07-16T22:48:25,EGV,,,,iPhone G6,100.0,,,,,51599.0
158,2020-07-16T22:53:25,EGV,,,,iPhone G6,101.0,,,,,51899.0
159,2020-07-16T22:58:24,EGV,,,,iPhone G6,103.0,,,,,52199.0
160,2020-07-16T23:03:24,EGV,,,,iPhone G6,106.0,,,,,52499.0
161,2020-07-16T23:08:23,EGV,,,,iPhone G6,107.0,,,,,52799.0
162,2020-07-16T23:13:24,EGV,,,,iPhone G6,107.0,,,,,53099.0
163,2020-07-16T23:18:23,EGV,,,,iPhone G6,107.0,,,,,53399.0
164,2020-07-16T23:23:24,EGV,,,,iPhone G6,105.0,,,,,53699.0
165,2020-07-16T23:28:24,EGV,,,,iPhone G6,103.0,,,,,53999.0
166,2020-07-16T23:33:24,EGV,,,,iPhone G6,102.0,,,,,54299.0
167,2020-07-16T23:38:24,EGV,,,,iPhone G6,101.0,,,,,54599.0
168,2020-07-16T23:43:23,EGV,,,,iPhone G6,100.0,,,,,54899.0
169,2020-07-16T23:48:24,EGV,,,,iPhone G6,98.0,,,,,55199.0
170,2020-07-16T23:53:23,EGV,,,,iPhone G6,98.0,,,,,55499.0
171,2020-07-16T23:58:23,EGV,,,,iPhone G6,97.0,,,,,55799.0
172,2020-07-17T00:03:24,EGV,,,,iPhone G6,97.0,,,,,56099.0
173,2020-07-17T00:08:23,EGV,,,,iPhone G6,95.0,,,,,56399.0
174,2020-07-17T00:13:24,EGV,,,,iPhone G6,92.0,,,,,56699.0
175,2020-07-17T00:18:24,EGV,,,,iPhone G6,89.0,,,,,56999.0
176,2020-07-17T00:23:24,EGV,,,,iPhone G6,90.0,,,,,57299.0
177,2020-07-17T00:28:24,EGV,,,,iPhone G6,92.0,,,,,57599.0
178,2020-07-17T00:33:24,EGV,,,,iPhone G6,95.0,,,,,57899.0
179,2020-07-17T00:38:24,EGV,,,,iPhone G6,94.0,,,,,58199.0
180,2020-07-17T00:43:24,EGV,,,,iPhone G6,92.0,,,,,58499.0
181,2020-07-17T00:48:23,EGV,,,,iPhone G6,90.0,,,,,58799.0
182,2020-07-17T00:53:24,EGV,,,,iPhone G6,88.0,,,,,59099.0
183,2020-07-17T00:58:23,EGV,,,,iPhone G6,87.0,,,,,59399.0
184,2020-07-17T01:03:23,EGV,,,,iPhone G6,86.0,,,,,59699.0
185,2020-07-17T01:08:24,EGV,,,,iPhone G6,84.0,,,,,59999.0
186,2020-07-17T01:13:23,EGV,,,,iPhone G6,82.0,,,,,60299.0
187,2020-07-17T01:18:24,EGV,,,,iPhone G6,83.0,,,,,60599.0
188,2020-07-17T01:23:23,EGV,,,,iPhone G6,85.0,,,,,60899.0
189,2020-07-17T01:28:24,EGV,,,,iPhone G6,88.0,,,,,61199.0
190,2020-07-17T01:33:23,EGV,,,,iPhone G6,88.0,,,,,61499.0
191,2020-07-17T01:38:24,EGV,,,,iPhone G6,87.0,,,,,61799.0
192,2020-07-17T01:43:24,EGV,,,,iPhone G6,86.0,,,,,62099.0
193,2020-07-17T01:48:23,EGV,,,,iPhone G6,85.0,,,,,62399.0
194,2020-07-17T01:53:24,EGV,,,,iPhone G6,84.0,,,,,62699.0
195,2020-07-17T01:58:23,EGV,,,,iPhone G6,83.0,,,,,62999.0
196,2020-07-17T02:03:24,EGV,,,,iPhone G6,81.0,,,,,63299.0
197,2020-07-17T02:08:25,EGV,,,,iPhone G6,81.0,,,,,63599.0
198,2020-07-17T02:13:25,EGV,,,,iPhone G6,86.0,,,,,63899.0
199,2020-07-17T02:18:25,EGV,,,,iPhone G6,94.0,,,,,64199.0
200,2020-07-17T02:23:24,EGV,,,,iPhone G6,102.0,,,,,64499.0
201,2020-07-17T02:28:25,EGV,,,,iPhone G6,104.0,,,,,64799.0
202,2020-07-17T02:33:24,EGV,,,,iPhone G6,101.0,,,,,65099.0
203,2020-07-17T02:38:25,EGV,,,,iPhone G6,98.0,,,,,65399.0
204,2020-07-17T02:43:24,EGV,,,,iPhone G6,100.0,,,,,65698.0
205,2020-07-17T02:48:23,EGV,,,,iPhone G6,105.0,,,,,65998.0
206,2020-07-17T02:53:23,EGV,,,,iPhone G6,108.0,,,,,66298.0
207,2020-07-17T02:58:24,EGV,,,,iPhone G6,110.0,,,,,66598.0
208,2020-07-17T03:03:23,EGV,,,,iPhone G6,110.0,,,,,66898.0
209,2020-07-17T03:08:24,EGV,,,,iPhone G6,108.0,,,,,67198.0
210,2020-07-17T03:13:24,EGV,,,,iPhone G6,105.0,,,,,67498.0
211,2020-07-17T03:18:24,EGV,,,,iPhone G6,99.0,,,,,67798.0
212,2020-07-17T03:23:24,EGV,,,,iPhone G6,94.0,,,,,68098.0
213,2020-07-17T03:28:24,EGV,,,,iPhone G6,87.0,,,,,68398.0
214,2020-07-17T03:33:23,EGV,,,,iPhone G6,83.0,,,,,68698.0
215,2020-07-17T03:38:24,EGV,,,,iPhone G6,89.0,,,,,68998.0
216,2020-07-17T03:43:23,EGV,,,,iPhone G6,95.0,,,,,69298.0
217,2020-07-17T03:48:24,EGV,,,,iPhone G6,100.0,,,,,69598.0
218,2020-07-17T03:53:24,EGV,,,,iPhone G6,95.0,,,,,69898.0
219,2020-07-17T03:58:24,EGV,,,,iPhone G6,90.0,,,,,70198.0
220,2020-07-17T04:03:24,EGV,,,,iPhone G6,88.0,,,,,70498.0
221,2020-07-17T04:08:24,EGV,,,,iPhone G6,88.0,,,,,70798.0
222,2020-07-17T04:13:23,EGV,,,,iPhone G6,93.0,,,,,71098.0
223,2020-07-17T04:18:24,EGV,,,,iPhone G6,99.0,,,,,71398.0
224,2020-07-17T04:23:23,EGV,,,,iPhone G6,105.0,,,,,71698.0
225,2020-07-17T04:28:24,EGV,,,,iPhone G6,109.0,,,,,71998.0
226,2020-07-17T04:33:24,EGV,,,,iPhone G6,110.0,,,,,72298.0
227,2020-07-17T04:38:24,EGV,,,,iPhone G6,112.0,,,,,72598.0
228,2020-07-17T04:43:23,EGV,,,,iPhone G6,113.0,,,,,72898.0
229,2020-07-17T04:48:24,EGV,,,,iPhone G6,114.0,,,,,73198.0
230,2020-07-17T04:53:24,EGV,,,,iPhone G6,111.0,,,,,73498.0
231,2020-07-17T04:58:24,EGV,,,,iPhone G6,106.0,,,,,73798.0
232,2020-07-17T05:03:23,EGV,,,,iPhone G6,101.0,,,,,74098.0
233,2020-07-17T05:08:23,EGV,,,,iPhone G6,99.0,,,,,74398.0
234,2020-07-17T05:13:24,EGV,,,,iPhone G6,98.0,,,,,74698.0
235,2020-07-17T05:18:24,EGV,,,,iPhone G6,95.0,,,,,74998.0
236,2020-07-17T05:23:24,EGV,,,,iPhone G6,92.0,,,,,75298.0
237,2020-07-17T05:28:24,EGV,,,,iPhone G6,94.0,,,,,75598.0
238,2020-07-17T05:33:24,EGV,,,,iPhone G6,97.0,,,,,75898.0
239,2020-07-17T05:38:23,EGV,,,,iPhone G6,102.0,,,,,76198.0
240,2020-07-17T05:43:24,EGV,,,,iPhone G6,105.0,,,,,76498.0
241,2020-07-17T05:48:23,EGV,,,,iPhone G6,106.0,,,,,76798.0
242,2020-07-17T05:53:24,EGV,,,,iPhone G6,108.0,,,,,77098.0
243,2020-07-17T05:58:24,EGV,,,,iPhone G6,109.0,,,,,77398.0
244,2020-07-17T06:03:23,EGV,,,,iPhone G6,108.0,,,,,77698.0
245,2020-07-17T06:08:24,EGV,,,,iPhone G6,106.0,,,,,77998.0
246,2020-07-17T06:13:23,EGV,,,,iPhone G6,104.0,,,,,78298.0
247,2020-07-17T06:18:23,EGV,,,,iPhone G6,107.0,,,,,78598.0
248,2020-07-17T06:23:23,EGV,,,,iPhone G6,114.0,,,,,78898.0
249,2020-07-17T06:28:23,EGV,,,,iPhone G6,121.0,,,,,79198.0
250,2020-07-17T06:33:24,EGV,,,,iPhone G6,124.0,,,,,79498.0
251,2020-07-17T06:38:23,EGV,,,,iPhone G6,122.0,,,,,79798.0
252,2020-07-17T06:43:23,EGV,,,,iPhone G6,117.0,,,,,80098.0
253,2020-07-17T06:48:24,EGV,,,,iPhone G6,113.0,,,,,80398.0
254,2020-07-17T06:53:24,EGV,,,,iPhone G6,108.0,,,,,80698.0
255,2020-07-17T06:58:24,EGV,,,,iPhone G6,106.0,,,,,80998.0
256,2020-07-17T07:03:24,EGV,,,,iPhone G6,105.0,,,,,81298.0
257,2020-07-17T07:08:24,EGV,,,,iPhone G6,106.0,,,,,81598.0
258,2020-07-17T07:13:24,EGV,,,,iPhone G6,108.0,,,,,81898.0
259,2020-07-17T07:18:23,EGV,,,,iPhone G6,108.0,,,,,82198.0
260,2020-07-17T07:23:24,EGV,,,,iPhone G6,109.0,,,,,82498.0
261,2020-07-17T07:28:24,EGV,,,,iPhone G6,108.0,,,,,82798.0
262,2020-07-17T07:33:24,EGV,,,,iPhone G6,108.0,,,,,83098.0
263,2020-07-17T07:38:24,EGV,,,,iPhone G6,104.0,,,,,83398.0
264,2020-07-17T07:43:24,EGV,,,,iPhone G6,102.0,,,,,83698.0
265,2020-07-17T07:48:24,EGV,,,,iPhone G6,100.0,,,,,83998.0
266,2020-07-17T07:53:24,EGV,,,,iPhone G6,100.0,,,,,84298.0
267,2020-07-17T07:58:24,EGV,,,,iPhone G6,102.0,,,,,84598.0
268,2020-07-17T08:03:24,EGV,,,,iPhone G6,103.0,,,,,84898.0
269,2020-07-17T08:08:24,EGV,,,,iPhone G6,107.0,,,,,85198.0
270,2020-07-17T08:13:24,EGV,,,,iPhone G6,115.0,,,,,85498.0
271,2020-07-17T08:18:24,EGV,,,,iPhone G6,129.0,,,,,85798.0
272,2020-07-17T08:23:24,EGV,,,,iPhone G6,145.0,,,,,86098.0
273,2020-07-17T08:28:24,EGV,,,,iPhone G6,153.0,,,,,86398.0
274,2020-07-17T08:33:23,EGV,,,,iPhone G6,152.0,,,,,86698.0
275,2020-07-17T08:38:24,EGV,,,,iPhone G6,144.0,,,,,86998.0
276,2020-07-17T08:43:24,EGV,,,,iPhone G6,135.0,,,,,87298.0
277,2020-07-17T08:48:24,EGV,,,,iPhone G6,127.0,,,,,87598.0
278,2020-07-17T08:53:23,EGV,,,,iPhone G6,119.0,,,,,87898.0
279,2020-07-17T08:58:24,EGV,,,,iPhone G6,112.0,,,,,88198.0
280,2020-07-17T09:03:24,EGV,,,,iPhone G6,109.0,,,,,88498.0
281,2020-07-17T09:08:24,EGV,,,,iPhone G6,109.0,,,,,88798.0
282,2020-07-17T09:13:24,EGV,,,,iPhone G6,105.0,,,,,89098.0
283,2020-07-17T09:18:24,EGV,,,,iPhone G6,99.0,,,,,89398.0
284,2020-07-17T09:23:24,EGV,,,,iPhone G6,95.0,,,,,89698.0
285,2020-07-17T09:28:24,EGV,,,,iPhone G6,98.0,,,,,89998.0
286,2020-07-17T09:33:24,EGV,,,,iPhone G6,103.0,,,,,90298.0
287,2020-07-17T09:38:24,EGV,,,,iPhone G6,107.0,,,,,90598.0
288,2020-07-17T09:43:24,EGV,,,,iPhone G6,111.0,,,,,90898.0
289,2020-07-17T09:48:23,EGV,,,,iPhone G6,114.0,,,,,91198.0
290,2020-07-17T09:53:24,EGV,,,,iPhone G6,120.0,,,,,91498.0
291,2020-07-17T09:58:23,EGV,,,,iPhone G6,122.0,,,,,91798.0
292,2020-07-17T10:03:23,EGV,,,,iPhone G6,122.0,,,,,92098.0
293,2020-07-17T10:08:23,EGV,,,,iPhone G6,113.0,,,,,92398.0
294,2020-07-17T10:13:23,EGV,,,,iPhone G6,101.0,,,,,92698.0
295,2020-07-17T10:18:23,EGV,,,,iPhone G6,90.0,,,,,92998.0
296,2020-07-17T10:23:23,EGV,,,,iPhone G6,85.0,,,,,93298.0
297,2020-07-17T10:28:23,EGV,,,,iPhone G6,86.0,,,,,93598.0
298,2020-07-17T10:33:23,EGV,,,,iPhone G6,90.0,,,,,93898.0
299,2020-07-17T10:38:23,EGV,,,,iPhone G6,94.0,,,,,94198.0
300,2020-07-17T10:43:23,EGV,,,,iPhone G6,97.0,,,,,94498.0
301,2020-07-17T10:48:22,EGV,,,,iPhone G6,96.0,,,,,94797.0
302,2020-07-17T10:53:22,EGV,,,,iPhone G6,95.0,,,,,95097.0
303,2020-07-17T10:58:22,EGV,,,,iPhone G6,96.0,,,,,95397.0
304,2020-07-17T11:03:22,EGV,,,,iPhone G6,97.0,,,,,95697.0
305,2020-07-17T11:08:22,EGV,,,,iPhone G6,100.0,,,,,95997.0
306,2020-07-17T11:13:22,EGV,,,,iPhone G6,105.0,,,,,96297.0
307,2020-07-17T11:18:22,EGV,,,,iPhone G6,115.0,,,,,96597.0
308,2020-07-17T11:23:22,EGV,,,,iPhone G6,126.0,,,,,96897.0
309,2020-07-17T11:28:22,EGV,,,,iPhone G6,136.0,,,,,97197.0
310,2020-07-17T11:33:22,EGV,,,,iPhone G6,141.0,,,,,97497.0
311,2020-07-17T11:38:22,EGV,,,,iPhone G6,140.0,,,,,97797.0
312,2020-07-17T11:43:22,EGV,,,,iPhone G6,135.0,,,,,98097.0
313,2020-07-17T11:48:22,EGV,,,,iPhone G6,128.0,,,,,98397.0
314,2020-07-17T11:53:22,EGV,,,,iPhone G6,122.0,,,,,98697.0
315,2020-07-17T11:58:22,EGV,,,,iPhone G6,117.0,,,,,98997.0
316,2020-07-17T12:03:22,EGV,,,,iPhone G6,115.0,,,,,99297.0
317,2020-07-17T12:08:22,EGV,,,,iPhone G6,112.0,,,,,99597.0
318,2020-07-17T12:13:23,EGV,,,,iPhone G6,109.0,,,,,99897.0
319,2020-07-17T12:18:23,EGV,,,,iPhone G6,105.0,,,,,100197.0
320,2020-07-17T12:23:23,EGV,,,,iPhone G6,102.0,,,,,100497.0
321,2020-07-17T12:28:22,EGV,,,,iPhone G6,99.0,,,,,100797.0
322,2020-07-17T12:33:22,EGV,,,,iPhone G6,97.0,,,,,101097.0
323,2020-07-17T12:38:22,EGV,,,,iPhone G6,95.0,,,,,101397.0
324,2020-07-17T12:43:22,EGV,,,,iPhone G6,95.0,,,,,101697.0
325,2020-07-17T12:48:22,EGV,,,,iPhone G6,97.0,,,,,101997.0
326,2020-07-17T12:53:22,EGV,,,,iPhone G6,98.0,,,,,102297.0
327,2020-07-17T12:58:22,EGV,,,,iPhone G6,98.0,,,,,102597.0
328,2020-07-17T13:03:22,EGV,,,,iPhone G6,96.0,,,,,102897.0
329,2020-07-17T13:08:22,EGV,,,,iPhone G6,94.0,,,,,103197.0
330,2020-07-17T13:13:22,EGV,,,,iPhone G6,92.0,,,,,103497.0
331,2020-07-17T13:18:22,EGV,,,,iPhone G6,91.0,,,,,103797.0
332,2020-07-17T13:23:22,EGV,,,,iPhone G6,92.0,,,,,104097.0
333,2020-07-17T13:28:22,EGV,,,,iPhone G6,95.0,,,,,104397.0
334,2020-07-17T13:33:22,EGV,,,,iPhone G6,100.0,,,,,104697.0
335,2020-07-17T13:38:22,EGV,,,,iPhone G6,107.0,,,,,104997.0
336,2020-07-17T13:43:22,EGV,,,,iPhone G6,115.0,,,,,105297.0
337,2020-07-17T13:48:22,EGV,,,,iPhone G6,120.0,,,,,105597.0
338,2020-07-17T13:53:22,EGV,,,,iPhone G6,117.0,,,,,105897.0
339,2020-07-17T13:58:22,EGV,,,,iPhone G6,110.0,,,,,106197.0
340,2020-07-17T14:03:22,EGV,,,,iPhone G6,102.0,,,,,106497.0
341,2020-07-17T14:08:22,EGV,,,,iPhone G6,98.0,,,,,106797.0
342,2020-07-17T14:13:22,EGV,,,,iPhone G6,100.0,,,,,107097.0
343,2020-07-17T14:18:23,EGV,,,,iPhone G6,105.0,,,,,107397.0
344,2020-07-17T14:23:23,EGV,,,,iPhone G6,110.0,,,,,107697.0
345,2020-07-17T14:28:23,EGV,,,,iPhone G6,114.0,,,,,107997.0
346,2020-07-17T14:33:23,EGV,,,,iPhone G6,118.0,,,,,108297.0
347,2020-07-17T14:38:23,EGV,,,,iPhone G6,119.0,,,,,108597.0
348,2020-07-17T14:43:22,EGV,,,,iPhone G6,119.0,,,,,108897.0
349,2020-07-17T14:48:23,EGV,,,,iPhone G6,115.0,,,,,109197.0
350,2020-07-17T14:53:23,EGV,,,,iPhone G6,113.0,,,,,109497.0
351,2020-07-17T14:58:23,EGV,,,,iPhone G6,112.0,,,,,109797.0
352,2020-07-17T15:03:23,EGV,,,,iPhone G6,114.0,,,,,110097.0
353,2020-07-17T15:08:23,EGV,,,,iPhone G6,117.0,,,,,110397.0
354,2020-07-17T15:13:23,EGV,,,,iPhone G6,119.0,,,,,110697.0
355,2020-07-17T15:18:23,EGV,,,,iPhone G6,122.0,,,,,110997.0
356,2020-07-17T15:23:23,EGV,,,,iPhone G6,123.0,,,,,111297.0
357,2020-07-17T15:28:23,EGV,,,,iPhone G6,123.0,,,,,111597.0
358,2020-07-17T15:33:23,EGV,,,,iPhone G6,120.0,,,,,111897.0
359,2020-07-17T15:38:23,EGV,,,,iPhone G6,116.0,,,,,112197.0
360,2020-07-17T15:43:23,EGV,,,,iPhone G6,113.0,,,,,112497.0
361,2020-07-17T15:48:23,EGV,,,,iPhone G6,110.0,,,,,112797.0
362,2020-07-17T15:53:23,EGV,,,,iPhone G6,108.0,,,,,113097.0
363,2020-07-17T15:58:23,EGV,,,,iPhone G6,107.0,,,,,113397.0
364,2020-07-17T16:03:23,EGV,,,,iPhone G6,105.0,,,,,113697.0
365,2020-07-17T16:08:23,EGV,,,,iPhone G6,103.0,,,,,113997.0
366,2020-07-17T16:13:23,EGV,,,,iPhone G6,100.0,,,,,114297.0
367,2020-07-17T16:18:23,EGV,,,,iPhone G6,98.0,,,,,114597.0
368,2020-07-17T16:23:23,EGV,,,,iPhone G6,98.0,,,,,114897.0
369,2020-07-17T16:28:23,EGV,,,,iPhone G6,98.0,,,,,115197.0
370,2020-07-17T16:33:23,EGV,,,,iPhone G6,97.0,,,,,115497.0
371,2020-07-17T16:38:23,EGV,,,,iPhone G6,96.0,,,,,115797.0
372,2020-07-17T16:43:23,EGV,,,,iPhone G6,96.0,,,,,116097.0
373,2020-07-17T16:48:23,EGV,,,,iPhone G6,97.0,,,,,116397.0
374,2020-07-17T16:53:23,EGV,,,,iPhone G6,98.0,,,,,116697.0
375,2020-07-17T16:58:23,EGV,,,,iPhone G6,97.0,,,,,116997.0
376,2020-07-17T17:03:23,EGV,,,,iPhone G6,98.0,,,,,117297.0
377,2020-07-17T17:08:23,EGV,,,,iPhone G6,100.0,,,,,117597.0
378,2020-07-17T17:13:23,EGV,,,,iPhone G6,102.0,,,,,117897.0
379,2020-07-17T17:18:23,EGV,,,,iPhone G6,105.0,,,,,118197.0
380,2020-07-17T17:23:23,EGV,,,,iPhone G6,105.0,,,,,118497.0
381,2020-07-17T17:28:23,EGV,,,,iPhone G6,105.0,,,,,118797.0
382,2020-07-17T17:33:23,EGV,,,,iPhone G6,103.0,,,,,119097.0
383,2020-07-17T17:38:23,EGV,,,,iPhone G6,101.0,,,,,119397.0
384,2020-07-17T17:43:22,EGV,,,,iPhone G6,101.0,,,,,119697.0
385,2020-07-17T17:48:22,EGV,,,,iPhone G6,101.0,,,,,119997.0
386,2020-07-17T17:53:22,EGV,,,,iPhone G6,100.0,,,,,120297.0
387,2020-07-17T17:58:22,EGV,,,,iPhone G6,98.0,,,,,120597.0
388,2020-07-17T18:03:22,EGV,,,,iPhone G6,97.0,,,,,120897.0
389,2020-07-17T18:08:22,EGV,,,,iPhone G6,99.0,,,,,121197.0
390,2020-07-17T18:13:22,EGV,,,,iPhone G6,101.0,,,,,121497.0
391,2020-07-17T18:18:22,EGV,,,,iPhone G6,101.0,,,,,121797.0
392,2020-07-17T18:23:23,EGV,,,,iPhone G6,98.0,,,,,122097.0
393,2020-07-17T18:28:23,EGV,,,,iPhone G6,95.0,,,,,122397.0
394,2020-07-17T18:33:23,EGV,,,,iPhone G6,93.0,,,,,122697.0
395,2020-07-17T18:38:23,EGV,,,,iPhone G6,94.0,,,,,122997.0
396,2020-07-17T18:43:24,EGV,,,,iPhone G6,97.0,,,,,123297.0
397,2020-07-17T18:48:22,EGV,,,,iPhone G6,101.0,,,,,123596.0
398,2020-07-17T18:53:22,EGV,,,,iPhone G6,102.0,,,,,123896.0
399,2020-07-17T18:58:22,EGV,,,,iPhone G6,98.0,,,,,124196.0
400,2020-07-17T19:03:22,EGV,,,,iPhone G6,92.0,,,,,124496.0
401,2020-07-17T19:08:22,EGV,,,,iPhone G6,89.0,,,,,124796.0
402,2020-07-17T19:13:22,EGV,,,,iPhone G6,91.0,,,,,125096.0
403,2020-07-17T19:18:22,EGV,,,,iPhone G6,98.0,,,,,125396.0
404,2020-07-17T19:23:22,EGV,,,,iPhone G6,110.0,,,,,125696.0
405,2020-07-17T19:28:22,EGV,,,,iPhone G6,122.0,,,,,125996.0
406,2020-07-17T19:33:22,EGV,,,,iPhone G6,132.0,,,,,126296.0
407,2020-07-17T19:38:22,EGV,,,,iPhone G6,136.0,,,,,126596.0
408,2020-07-17T19:43:21,EGV,,,,iPhone G6,134.0,,,,,126896.0
409,2020-07-17T19:48:21,EGV,,,,iPhone G6,129.0,,,,,127196.0
410,2020-07-17T19:53:21,EGV,,,,iPhone G6,122.0,,,,,127496.0
411,2020-07-17T19:58:21,EGV,,,,iPhone G6,113.0,,,,,127796.0
412,2020-07-17T20:03:21,EGV,,,,iPhone G6,105.0,,,,,128096.0
413,2020-07-17T20:08:21,EGV,,,,iPhone G6,100.0,,,,,128396.0
414,2020-07-17T20:13:21,EGV,,,,iPhone G6,97.0,,,,,128696.0
415,2020-07-17T20:18:21,EGV,,,,iPhone G6,95.0,,,,,128996.0
416,2020-07-17T20:23:21,EGV,,,,iPhone G6,94.0,,,,,129296.0
417,2020-07-17T20:28:21,EGV,,,,iPhone G6,95.0,,,,,129596.0
418,2020-07-17T20:33:21,EGV,,,,iPhone G6,98.0,,,,,129896.0
419,2020-07-17T20:38:21,EGV,,,,iPhone G6,100.0,,,,,130196.0
420,2020-07-17T20:43:21,EGV,,,,iPhone G6,101.0,,,,,130496.0
421,2020-07-17T20:48:21,EGV,,,,iPhone G6,100.0,,,,,130796.0
422,2020-07-17T20:53:21,EGV,,,,iPhone G6,99.0,,,,,131096.0
423,2020-07-17T20:58:22,EGV,,,,iPhone G6,98.0,,,,,131396.0
424,2020-07-17T21:03:21,EGV,,,,iPhone G6,100.0,,,,,131696.0
425,2020-07-17T21:08:21,EGV,,,,iPhone G6,102.0,,,,,131996.0
426,2020-07-17T21:13:22,EGV,,,,iPhone G6,104.0,,,,,132296.0
427,2020-07-17T21:18:21,EGV,,,,iPhone G6,105.0,,,,,132596.0
428,2020-07-17T21:23:21,EGV,,,,iPhone G6,105.0,,,,,132896.0
429,2020-07-17T21:28:21,EGV,,,,iPhone G6,105.0,,,,,133196.0
430,2020-07-17T21:33:21,EGV,,,,iPhone G6,105.0,,,,,133496.0
431,2020-07-17T21:38:21,EGV,,,,iPhone G6,106.0,,,,,133796.0
432,2020-07-17T21:43:21,EGV,,,,iPhone G6,106.0,,,,,134096.0
433,2020-07-17T21:48:21,EGV,,,,iPhone G6,106.0,,,,,134396.0
434,2020-07-17T21:53:21,EGV,,,,iPhone G6,106.0,,,,,134696.0
435,2020-07-17T21:58:22,EGV,,,,iPhone G6,106.0,,,,,134996.0
436,2020-07-17T22:03:22,EGV,,,,iPhone G6,105.0,,,,,135296.0
437,2020-07-17T22:08:22,EGV,,,,iPhone G6,103.0,,,,,135596.0
438,2020-07-17T22:13:22,EGV,,,,iPhone G6,100.0,,,,,135896.0
439,2020-07-17T22:18:22,EGV,,,,iPhone G6,99.0,,,,,136196.0
440,2020-07-17T22:23:22,EGV,,,,iPhone G6,98.0,,,,,136496.0
441,2020-07-17T22:28:22,EGV,,,,iPhone G6,100.0,,,,,136796.0
442,2020-07-17T22:33:23,EGV,,,,iPhone G6,103.0,,,,,137096.0
443,2020-07-17T22:38:23,EGV,,,,iPhone G6,107.0,,,,,137396.0
444,2020-07-17T22:43:22,EGV,,,,iPhone G6,108.0,,,,,137696.0
445,2020-07-17T22:48:22,EGV,,,,iPhone G6,106.0,,,,,137996.0
446,2020-07-17T22:53:22,EGV,,,,iPhone G6,104.0,,,,,138296.0
447,2020-07-17T22:58:21,EGV,,,,iPhone G6,102.0,,,,,138596.0
448,2020-07-17T23:03:21,EGV,,,,iPhone G6,102.0,,,,,138896.0
449,2020-07-17T23:08:21,EGV,,,,iPhone G6,102.0,,,,,139196.0
450,2020-07-17T23:13:21,EGV,,,,iPhone G6,102.0,,,,,139496.0
451,2020-07-17T23:18:21,EGV,,,,iPhone G6,101.0,,,,,139796.0
452,2020-07-17T23:23:21,EGV,,,,iPhone G6,93.0,,,,,140096.0
453,2020-07-17T23:28:21,EGV,,,,iPhone G6,84.0,,,,,140396.0
454,2020-07-17T23:33:22,EGV,,,,iPhone G6,78.0,,,,,140696.0
455,2020-07-17T23:38:22,EGV,,,,iPhone G6,80.0,,,,,140996.0
456,2020-07-17T23:43:21,EGV,,,,iPhone G6,91.0,,,,,141296.0
457,2020-07-17T23:48:21,EGV,,,,iPhone G6,102.0,,,,,141596.0
458,2020-07-17T23:53:21,EGV,,,,iPhone G6,108.0,,,,,141896.0
459,2020-07-17T23:58:21,EGV,,,,iPhone G6,106.0,,,,,142196.0
460,2020-07-18T00:03:21,EGV,,,,iPhone G6,104.0,,,,,142496.0
461,2020-07-18T00:08:22,EGV,,,,iPhone G6,103.0,,,,,142796.0
462,2020-07-18T00:13:21,EGV,,,,iPhone G6,103.0,,,,,143096.0
463,2020-07-18T00:18:21,EGV,,,,iPhone G6,105.0,,,,,143396.0
464,2020-07-18T00:23:21,EGV,,,,iPhone G6,106.0,,,,,143696.0
465,2020-07-18T00:28:21,EGV,,,,iPhone G6,107.0,,,,,143996.0
466,2020-07-18T00:33:21,EGV,,,,iPhone G6,108.0,,,,,144296.0
467,2020-07-18T00:38:21,EGV,,,,iPhone G6,108.0,,,,,144596.0
468,2020-07-18T00:43:21,EGV,,,,iPhone G6,105.0,,,,,144896.0
469,2020-07-18T00:48:21,EGV,,,,iPhone G6,103.0,,,,,145196.0
470,2020-07-18T00:53:22,EGV,,,,iPhone G6,97.0,,,,,145496.0
471,2020-07-18T00:58:21,EGV,,,,iPhone G6,90.0,,,,,145796.0
472,2020-07-18T01:03:21,EGV,,,,iPhone G6,82.0,,,,,146096.0
473,2020-07-18T01:08:21,EGV,,,,iPhone G6,79.0,,,,,146396.0
474,2020-07-18T01:13:22,EGV,,,,iPhone G6,84.0,,,,,146696.0
475,2020-07-18T01:18:22,EGV,,,,iPhone G6,92.0,,,,,146996.0
476,2020-07-18T01:23:22,EGV,,,,iPhone G6,97.0,,,,,147296.0
477,2020-07-18T01:28:22,EGV,,,,iPhone G6,100.0,,,,,147596.0
478,2020-07-18T01:33:22,EGV,,,,iPhone G6,99.0,,,,,147896.0
479,2020-07-18T01:38:22,EGV,,,,iPhone G6,100.0,,,,,148196.0
480,2020-07-18T01:43:22,EGV,,,,iPhone G6,103.0,,,,,148496.0
481,2020-07-18T01:48:22,EGV,,,,iPhone G6,107.0,,,,,148796.0
482,2020-07-18T01:53:22,EGV,,,,iPhone G6,110.0,,,,,149096.0
483,2020-07-18T01:58:23,EGV,,,,iPhone G6,111.0,,,,,149396.0
484,2020-07-18T02:03:23,EGV,,,,iPhone G6,110.0,,,,,149696.0
485,2020-07-18T02:08:22,EGV,,,,iPhone G6,107.0,,,,,149996.0
486,2020-07-18T02:13:23,EGV,,,,iPhone G6,103.0,,,,,150296.0
487,2020-07-18T02:18:22,EGV,,,,iPhone G6,101.0,,,,,150596.0
488,2020-07-18T02:23:22,EGV,,,,iPhone G6,98.0,,,,,150896.0
489,2020-07-18T02:28:22,EGV,,,,iPhone G6,97.0,,,,,151196.0
490,2020-07-18T02:33:22,EGV,,,,iPhone G6,99.0,,,,,151496.0
491,2020-07-18T02:38:23,EGV,,,,iPhone G6,104.0,,,,,151796.0
492,2020-07-18T02:43:22,EGV,,,,iPhone G6,105.0,,,,,152096.0
493,2020-07-18T02:48:23,EGV,,,,iPhone G6,104.0,,,,,152396.0
494,2020-07-18T02:53:22,EGV,,,,iPhone G6,102.0,,,,,152696.0
495,2020-07-18T02:58:22,EGV,,,,iPhone G6,102.0,,,,,152996.0
496,2020-07-18T03:03:22,EGV,,,,iPhone G6,103.0,,,,,153296.0
497,2020-07-18T03:08:22,EGV,,,,iPhone G6,108.0,,,,,153596.0
498,2020-07-18T03:13:22,EGV,,,,iPhone G6,111.0,,,,,153896.0
499,2020-07-18T03:18:22,EGV,,,,iPhone G6,113.0,,,,,154196.0
