datetime,eda
2020-07-16 09:29:03.000,0.0
2020-07-16 09:29:03.250,0.8401489999999999
2020-07-16 09:29:03.500,0.45748199999999994
2020-07-16 09:29:03.750,0.0
2020-07-16 09:29:04.000,0.052509
2020-07-16 09:29:04.250,0.076843
2020-07-16 09:29:04.500,0.176739
2020-07-16 09:29:04.750,0.006404000000000001
2020-07-16 09:29:05.000,0.010246
2020-07-16 09:29:05.250,0.011526
2020-07-16 09:29:05.500,0.011526
2020-07-16 09:29:05.750,0.012806999999999999
2020-07-16 09:29:06.000,0.014088
2020-07-16 09:29:06.250,0.012806999999999999
2020-07-16 09:29:06.500,0.015368999999999999
2020-07-16 09:29:06.750,0.014088
2020-07-16 09:29:07.000,0.015368999999999999
2020-07-16 09:29:07.250,0.015368999999999999
2020-07-16 09:29:07.500,0.078124
2020-07-16 09:29:07.750,0.335547
2020-07-16 09:29:08.000,0.8388680000000001
2020-07-16 09:29:08.250,1.186208
2020-07-16 09:29:08.500,1.6242809999999999
2020-07-16 09:29:08.750,2.041893
2020-07-16 09:29:09.000,2.3033580000000002
2020-07-16 09:29:09.250,2.3507439999999997
2020-07-16 09:29:09.500,2.352025
2020-07-16 09:29:09.750,2.5902380000000003
2020-07-16 09:29:10.000,1.826659
2020-07-16 09:29:10.250,1.3799629999999998
2020-07-16 09:29:10.500,1.972735
2020-07-16 09:29:10.750,2.391727
2020-07-16 09:29:11.000,1.998548
2020-07-16 09:29:11.250,2.541571
2020-07-16 09:29:11.500,2.7001060000000003
2020-07-16 09:29:11.750,3.081758
2020-07-16 09:29:12.000,2.489199
2020-07-16 09:29:12.250,2.29453
2020-07-16 09:29:12.500,1.7984830000000003
2020-07-16 09:29:12.750,1.460648
2020-07-16 09:29:13.000,1.300559
2020-07-16 09:29:13.250,0.813688
2020-07-16 09:29:13.500,0.334602
2020-07-16 09:29:13.750,0.0
2020-07-16 09:29:14.000,0.0
2020-07-16 09:29:14.250,0.0
2020-07-16 09:29:14.500,0.0
2020-07-16 09:29:14.750,0.0
2020-07-16 09:29:15.000,0.002561
2020-07-16 09:29:15.250,0.0038420000000000004
2020-07-16 09:29:15.500,0.12166800000000001
2020-07-16 09:29:15.750,0.285599
2020-07-16 09:29:16.000,0.349635
2020-07-16 09:29:16.250,0.388056
2020-07-16 09:29:16.500,0.407267
2020-07-16 09:29:16.750,0.01793
2020-07-16 09:29:17.000,0.348354
2020-07-16 09:29:17.250,0.8388680000000001
2020-07-16 09:29:17.500,1.141383
2020-07-16 09:29:17.750,1.204207
2020-07-16 09:29:18.000,1.309226
2020-07-16 09:29:18.250,1.378384
2020-07-16 09:29:18.500,1.383507
2020-07-16 09:29:18.750,1.4039979999999999
2020-07-16 09:29:19.000,1.470596
2020-07-16 09:29:19.250,1.528327
2020-07-16 09:29:19.500,1.5168
2020-07-16 09:29:19.750,1.454045
2020-07-16 09:29:20.000,1.710188
2020-07-16 09:29:20.250,1.7601360000000001
2020-07-16 09:29:20.500,0.939198
2020-07-16 09:29:20.750,0.335883
2020-07-16 09:29:21.000,0.0
2020-07-16 09:29:21.250,0.0
2020-07-16 09:29:21.500,0.0
2020-07-16 09:29:21.750,0.8388680000000001
2020-07-16 09:29:22.000,0.0
2020-07-16 09:29:22.250,0.0
2020-07-16 09:29:22.500,0.0
2020-07-16 09:29:22.750,0.0
2020-07-16 09:29:23.000,0.0
2020-07-16 09:29:23.250,0.227967
2020-07-16 09:29:23.500,0.001281
2020-07-16 09:29:23.750,0.689024
2020-07-16 09:29:24.000,1.186208
2020-07-16 09:29:24.250,1.6242809999999999
2020-07-16 09:29:24.500,2.102087
2020-07-16 09:29:24.750,2.5902380000000003
2020-07-16 09:29:25.000,3.086881
2020-07-16 09:29:25.250,3.517612
2020-07-16 09:29:25.500,3.5705949999999995
2020-07-16 09:29:25.750,2.79192
2020-07-16 09:29:26.000,2.29325
2020-07-16 09:29:26.250,1.797202
2020-07-16 09:29:26.500,1.300559
2020-07-16 09:29:26.750,0.813688
2020-07-16 09:29:27.000,0.335883
2020-07-16 09:29:27.250,0.0
2020-07-16 09:29:27.500,0.0
2020-07-16 09:29:27.750,0.0
2020-07-16 09:29:28.000,0.0
2020-07-16 09:29:28.250,0.0
2020-07-16 09:29:28.500,0.0
2020-07-16 09:29:28.750,0.002561
2020-07-16 09:29:29.000,0.001281
2020-07-16 09:29:29.250,0.002561
2020-07-16 09:29:29.500,0.0038420000000000004
2020-07-16 09:29:29.750,0.0038420000000000004
2020-07-16 09:29:30.000,0.005123
2020-07-16 09:29:30.250,0.005123
2020-07-16 09:29:30.500,0.005123
2020-07-16 09:29:30.750,0.005123
2020-07-16 09:29:31.000,0.005123
2020-07-16 09:29:31.250,0.005123
2020-07-16 09:29:31.500,0.0038420000000000004
2020-07-16 09:29:31.750,0.005123
2020-07-16 09:29:32.000,0.0038420000000000004
2020-07-16 09:29:32.250,0.006404000000000001
2020-07-16 09:29:32.500,0.005123
2020-07-16 09:29:32.750,0.005123
2020-07-16 09:29:33.000,0.005123
2020-07-16 09:29:33.250,0.0038420000000000004
2020-07-16 09:29:33.500,0.002561
2020-07-16 09:29:33.750,0.0038420000000000004
2020-07-16 09:29:34.000,0.0038420000000000004
2020-07-16 09:29:34.250,0.0038420000000000004
2020-07-16 09:29:34.500,0.0038420000000000004
2020-07-16 09:29:34.750,0.038421
2020-07-16 09:29:35.000,0.162651
2020-07-16 09:29:35.250,0.160089
2020-07-16 09:29:35.500,0.156247
2020-07-16 09:29:35.750,0.007684000000000001
2020-07-16 09:29:36.000,0.005123
2020-07-16 09:29:36.250,0.0038420000000000004
2020-07-16 09:29:36.500,0.0038420000000000004
2020-07-16 09:29:36.750,0.005123
2020-07-16 09:29:37.000,0.005123
2020-07-16 09:29:37.250,0.006404000000000001
2020-07-16 09:29:37.500,0.006404000000000001
2020-07-16 09:29:37.750,0.002561
2020-07-16 09:29:38.000,0.006404000000000001
2020-07-16 09:29:38.250,0.0038420000000000004
2020-07-16 09:29:38.500,0.006404000000000001
2020-07-16 09:29:38.750,0.005123
2020-07-16 09:29:39.000,0.0038420000000000004
2020-07-16 09:29:39.250,0.007684000000000001
2020-07-16 09:29:39.500,0.006404000000000001
2020-07-16 09:29:39.750,0.005123
2020-07-16 09:29:40.000,0.005123
2020-07-16 09:29:40.250,0.005123
2020-07-16 09:29:40.500,0.0038420000000000004
2020-07-16 09:29:40.750,0.005123
2020-07-16 09:29:41.000,0.007684000000000001
2020-07-16 09:29:41.250,0.007684000000000001
2020-07-16 09:29:41.500,0.008965
2020-07-16 09:29:41.750,0.011526
2020-07-16 09:29:42.000,0.014088
2020-07-16 09:29:42.250,0.020491
2020-07-16 09:29:42.500,0.020491
2020-07-16 09:29:42.750,0.015368999999999999
2020-07-16 09:29:43.000,0.010246
2020-07-16 09:29:43.250,0.011526
2020-07-16 09:29:43.500,0.014088
2020-07-16 09:29:43.750,0.024334
2020-07-16 09:29:44.000,0.028176
2020-07-16 09:29:44.250,0.030737
2020-07-16 09:29:44.500,0.030737
2020-07-16 09:29:44.750,0.034579
2020-07-16 09:29:45.000,0.043544
2020-07-16 09:29:45.250,0.058913
2020-07-16 09:29:45.500,0.087089
2020-07-16 09:29:45.750,0.101176
2020-07-16 09:29:46.000,0.106299
2020-07-16 09:29:46.250,0.12166800000000001
2020-07-16 09:29:46.500,0.140879
2020-07-16 09:29:46.750,0.151124
2020-07-16 09:29:47.000,0.160089
2020-07-16 09:29:47.250,0.170335
2020-07-16 09:29:47.500,0.165212
2020-07-16 09:29:47.750,0.174177
2020-07-16 09:29:48.000,0.178019
2020-07-16 09:29:48.250,0.149844
2020-07-16 09:29:48.500,0.139598
2020-07-16 09:29:48.750,0.131914
2020-07-16 09:29:49.000,0.138317
2020-07-16 09:29:49.250,0.15496600000000002
2020-07-16 09:29:49.500,0.175458
2020-07-16 09:29:49.750,0.10758
2020-07-16 09:29:50.000,0.08580800000000001
2020-07-16 09:29:50.250,0.078124
2020-07-16 09:29:50.500,0.037141
2020-07-16 09:29:50.750,0.040983
2020-07-16 09:29:51.000,0.06275499999999999
2020-07-16 09:29:51.250,0.061474
2020-07-16 09:29:51.500,0.067878
2020-07-16 09:29:51.750,0.061474
2020-07-16 09:29:52.000,0.049948
2020-07-16 09:29:52.250,0.051229
2020-07-16 09:29:52.500,0.05379
2020-07-16 09:29:52.750,0.056351
2020-07-16 09:29:53.000,0.060194000000000004
2020-07-16 09:29:53.250,0.07172
2020-07-16 09:29:53.500,0.061474
2020-07-16 09:29:53.750,0.073001
2020-07-16 09:29:54.000,0.065316
2020-07-16 09:29:54.250,0.065316
2020-07-16 09:29:54.500,0.061474
2020-07-16 09:29:54.750,0.064036
2020-07-16 09:29:55.000,0.065316
2020-07-16 09:29:55.250,0.066597
2020-07-16 09:29:55.500,0.065316
2020-07-16 09:29:55.750,0.067878
2020-07-16 09:29:56.000,0.064036
2020-07-16 09:29:56.250,0.075562
2020-07-16 09:29:56.500,0.065316
2020-07-16 09:29:56.750,0.07172
2020-07-16 09:29:57.000,0.076843
2020-07-16 09:29:57.250,0.079404
2020-07-16 09:29:57.500,0.080685
2020-07-16 09:29:57.750,0.081966
2020-07-16 09:29:58.000,0.08965
2020-07-16 09:29:58.250,0.087089
2020-07-16 09:29:58.500,0.08965
2020-07-16 09:29:58.750,0.090931
2020-07-16 09:29:59.000,0.087089
2020-07-16 09:29:59.250,0.08580800000000001
2020-07-16 09:29:59.500,0.08965
2020-07-16 09:29:59.750,0.078124
2020-07-16 09:30:00.000,0.064036
2020-07-16 09:30:00.250,0.049948
2020-07-16 09:30:00.500,0.056351
2020-07-16 09:30:00.750,0.060194000000000004
2020-07-16 09:30:01.000,0.040983
2020-07-16 09:30:01.250,0.057632
2020-07-16 09:30:01.500,0.047386000000000005
2020-07-16 09:30:01.750,0.033299
2020-07-16 09:30:02.000,0.042263999999999996
2020-07-16 09:30:02.250,0.047386000000000005
2020-07-16 09:30:02.500,0.047386000000000005
2020-07-16 09:30:02.750,0.047386000000000005
2020-07-16 09:30:03.000,0.03586
2020-07-16 09:30:03.250,0.032018
2020-07-16 09:30:03.500,0.033299
2020-07-16 09:30:03.750,0.040983
2020-07-16 09:30:04.000,0.056351
2020-07-16 09:30:04.250,0.067878
2020-07-16 09:30:04.500,0.069159
2020-07-16 09:30:04.750,0.080685
2020-07-16 09:30:05.000,0.088369
2020-07-16 09:30:05.250,0.088369
2020-07-16 09:30:05.500,0.09349199999999999
2020-07-16 09:30:05.750,0.092211
2020-07-16 09:30:06.000,0.094773
2020-07-16 09:30:06.250,0.10245699999999999
2020-07-16 09:30:06.500,0.101176
2020-07-16 09:30:06.750,0.10245699999999999
2020-07-16 09:30:07.000,0.10373800000000001
2020-07-16 09:30:07.250,0.10886099999999999
2020-07-16 09:30:07.500,0.110141
2020-07-16 09:30:07.750,0.110141
2020-07-16 09:30:08.000,0.110141
2020-07-16 09:30:08.250,0.115264
2020-07-16 09:30:08.500,0.11910599999999999
2020-07-16 09:30:08.750,0.12422899999999999
2020-07-16 09:30:09.000,0.12166800000000001
2020-07-16 09:30:09.250,0.122949
2020-07-16 09:30:09.500,0.133194
2020-07-16 09:30:09.750,0.12550999999999998
2020-07-16 09:30:10.000,0.115264
2020-07-16 09:30:10.250,0.10886099999999999
2020-07-16 09:30:10.500,0.106299
2020-07-16 09:30:10.750,0.10245699999999999
2020-07-16 09:30:11.000,0.10373800000000001
2020-07-16 09:30:11.250,0.105019
2020-07-16 09:30:11.500,0.105019
2020-07-16 09:30:11.750,0.106299
2020-07-16 09:30:12.000,0.10245699999999999
2020-07-16 09:30:12.250,0.10373800000000001
2020-07-16 09:30:12.500,0.10373800000000001
2020-07-16 09:30:12.750,0.10245699999999999
2020-07-16 09:30:13.000,0.105019
2020-07-16 09:30:13.250,0.105019
2020-07-16 09:30:13.500,0.105019
2020-07-16 09:30:13.750,0.10373800000000001
2020-07-16 09:30:14.000,0.105019
2020-07-16 09:30:14.250,0.105019
2020-07-16 09:30:14.500,0.106299
2020-07-16 09:30:14.750,0.106299
2020-07-16 09:30:15.000,0.10758
2020-07-16 09:30:15.250,0.110141
2020-07-16 09:30:15.500,0.10886099999999999
2020-07-16 09:30:15.750,0.106299
2020-07-16 09:30:16.000,0.097334
2020-07-16 09:30:16.250,0.10886099999999999
2020-07-16 09:30:16.500,0.087089
2020-07-16 09:30:16.750,0.090931
2020-07-16 09:30:17.000,0.105019
2020-07-16 09:30:17.250,0.11142200000000001
2020-07-16 09:30:17.500,0.106299
2020-07-16 09:30:17.750,0.099896
2020-07-16 09:30:18.000,0.08965
2020-07-16 09:30:18.250,0.080685
2020-07-16 09:30:18.500,0.069159
2020-07-16 09:30:18.750,0.075562
2020-07-16 09:30:19.000,0.09349199999999999
2020-07-16 09:30:19.250,0.088369
2020-07-16 09:30:19.500,0.070439
2020-07-16 09:30:19.750,0.073001
2020-07-16 09:30:20.000,0.078124
2020-07-16 09:30:20.250,0.073001
2020-07-16 09:30:20.500,0.052509
2020-07-16 09:30:20.750,0.043544
2020-07-16 09:30:21.000,0.01793
2020-07-16 09:30:21.250,0.024334
2020-07-16 09:30:21.500,0.016649
2020-07-16 09:30:21.750,0.048667
2020-07-16 09:30:22.000,0.056351
2020-07-16 09:30:22.250,0.055071
2020-07-16 09:30:22.500,0.052509
2020-07-16 09:30:22.750,0.051229
2020-07-16 09:30:23.000,0.057632
2020-07-16 09:30:23.250,0.060194000000000004
2020-07-16 09:30:23.500,0.061474
2020-07-16 09:30:23.750,0.064036
2020-07-16 09:30:24.000,0.066597
2020-07-16 09:30:24.250,0.07172
2020-07-16 09:30:24.500,0.074281
2020-07-16 09:30:24.750,0.064036
2020-07-16 09:30:25.000,0.079404
2020-07-16 09:30:25.250,0.106299
2020-07-16 09:30:25.500,0.105019
2020-07-16 09:30:25.750,0.10245699999999999
2020-07-16 09:30:26.000,0.099896
2020-07-16 09:30:26.250,0.092211
2020-07-16 09:30:26.500,0.097334
2020-07-16 09:30:26.750,0.122949
2020-07-16 09:30:27.000,0.130633
2020-07-16 09:30:27.250,0.137036
2020-07-16 09:30:27.500,0.147282
2020-07-16 09:30:27.750,0.14344
2020-07-16 09:30:28.000,0.139598
2020-07-16 09:30:28.250,0.14215899999999998
2020-07-16 09:30:28.500,0.140879
2020-07-16 09:30:28.750,0.140879
2020-07-16 09:30:29.000,0.147282
2020-07-16 09:30:29.250,0.133194
2020-07-16 09:30:29.500,0.110141
2020-07-16 09:30:29.750,0.117826
2020-07-16 09:30:30.000,0.12166800000000001
2020-07-16 09:30:30.250,0.120387
2020-07-16 09:30:30.500,0.12422899999999999
2020-07-16 09:30:30.750,0.15880899999999998
2020-07-16 09:30:31.000,0.157528
2020-07-16 09:30:31.250,0.157528
2020-07-16 09:30:31.500,0.156247
2020-07-16 09:30:31.750,0.15880899999999998
2020-07-16 09:30:32.000,0.157528
2020-07-16 09:30:32.250,0.15240499999999998
2020-07-16 09:30:32.500,0.148563
2020-07-16 09:30:32.750,0.131914
2020-07-16 09:30:33.000,0.128071
2020-07-16 09:30:33.250,0.11910599999999999
2020-07-16 09:30:33.500,0.12422899999999999
2020-07-16 09:30:33.750,0.135756
2020-07-16 09:30:34.000,0.138317
2020-07-16 09:30:34.250,0.139598
2020-07-16 09:30:34.500,0.14215899999999998
2020-07-16 09:30:34.750,0.14215899999999998
2020-07-16 09:30:35.000,0.138317
2020-07-16 09:30:35.250,0.14472100000000002
2020-07-16 09:30:35.500,0.156247
2020-07-16 09:30:35.750,0.146001
2020-07-16 09:30:36.000,0.138317
2020-07-16 09:30:36.250,0.134475
2020-07-16 09:30:36.500,0.133194
2020-07-16 09:30:36.750,0.130633
2020-07-16 09:30:37.000,0.12422899999999999
2020-07-16 09:30:37.250,0.12166800000000001
2020-07-16 09:30:37.500,0.11910599999999999
2020-07-16 09:30:37.750,0.11910599999999999
2020-07-16 09:30:38.000,0.122949
2020-07-16 09:30:38.250,0.122949
2020-07-16 09:30:38.500,0.12166800000000001
2020-07-16 09:30:38.750,0.12166800000000001
2020-07-16 09:30:39.000,0.120387
2020-07-16 09:30:39.250,0.12166800000000001
2020-07-16 09:30:39.500,0.12166800000000001
2020-07-16 09:30:39.750,0.12166800000000001
2020-07-16 09:30:40.000,0.122949
2020-07-16 09:30:40.250,0.122949
2020-07-16 09:30:40.500,0.122949
2020-07-16 09:30:40.750,0.130633
2020-07-16 09:30:41.000,0.131914
2020-07-16 09:30:41.250,0.131914
2020-07-16 09:30:41.500,0.134475
2020-07-16 09:30:41.750,0.131914
2020-07-16 09:30:42.000,0.131914
2020-07-16 09:30:42.250,0.129352
2020-07-16 09:30:42.500,0.128071
2020-07-16 09:30:42.750,0.130633
2020-07-16 09:30:43.000,0.131914
2020-07-16 09:30:43.250,0.128071
2020-07-16 09:30:43.500,0.129352
2020-07-16 09:30:43.750,0.131914
2020-07-16 09:30:44.000,0.131914
2020-07-16 09:30:44.250,0.133194
2020-07-16 09:30:44.500,0.133194
2020-07-16 09:30:44.750,0.131914
2020-07-16 09:30:45.000,0.133194
2020-07-16 09:30:45.250,0.134475
2020-07-16 09:30:45.500,0.137036
2020-07-16 09:30:45.750,0.138317
2020-07-16 09:30:46.000,0.140879
2020-07-16 09:30:46.250,0.140879
2020-07-16 09:30:46.500,0.134475
2020-07-16 09:30:46.750,0.14215899999999998
2020-07-16 09:30:47.000,0.139598
2020-07-16 09:30:47.250,0.138317
2020-07-16 09:30:47.500,0.137036
2020-07-16 09:30:47.750,0.139598
2020-07-16 09:30:48.000,0.135756
2020-07-16 09:30:48.250,0.138317
2020-07-16 09:30:48.500,0.137036
2020-07-16 09:30:48.750,0.137036
2020-07-16 09:30:49.000,0.137036
2020-07-16 09:30:49.250,0.135756
2020-07-16 09:30:49.500,0.137036
2020-07-16 09:30:49.750,0.137036
2020-07-16 09:30:50.000,0.138317
2020-07-16 09:30:50.250,0.137036
2020-07-16 09:30:50.500,0.138317
2020-07-16 09:30:50.750,0.138317
2020-07-16 09:30:51.000,0.138317
2020-07-16 09:30:51.250,0.138317
2020-07-16 09:30:51.500,0.138317
2020-07-16 09:30:51.750,0.137036
2020-07-16 09:30:52.000,0.137036
2020-07-16 09:30:52.250,0.137036
2020-07-16 09:30:52.500,0.137036
2020-07-16 09:30:52.750,0.135756
2020-07-16 09:30:53.000,0.135756
2020-07-16 09:30:53.250,0.137036
2020-07-16 09:30:53.500,0.137036
2020-07-16 09:30:53.750,0.137036
2020-07-16 09:30:54.000,0.137036
2020-07-16 09:30:54.250,0.140879
2020-07-16 09:30:54.500,0.137036
2020-07-16 09:30:54.750,0.135756
2020-07-16 09:30:55.000,0.135756
2020-07-16 09:30:55.250,0.137036
2020-07-16 09:30:55.500,0.135756
2020-07-16 09:30:55.750,0.137036
2020-07-16 09:30:56.000,0.135756
2020-07-16 09:30:56.250,0.137036
2020-07-16 09:30:56.500,0.135756
2020-07-16 09:30:56.750,0.134475
2020-07-16 09:30:57.000,0.135756
2020-07-16 09:30:57.250,0.135756
2020-07-16 09:30:57.500,0.135756
2020-07-16 09:30:57.750,0.135756
2020-07-16 09:30:58.000,0.135756
2020-07-16 09:30:58.250,0.134475
2020-07-16 09:30:58.500,0.135756
2020-07-16 09:30:58.750,0.134475
2020-07-16 09:30:59.000,0.133194
2020-07-16 09:30:59.250,0.135756
2020-07-16 09:30:59.500,0.133194
2020-07-16 09:30:59.750,0.133194
2020-07-16 09:31:00.000,0.135756
2020-07-16 09:31:00.250,0.131914
2020-07-16 09:31:00.500,0.134475
2020-07-16 09:31:00.750,0.134475
2020-07-16 09:31:01.000,0.134475
2020-07-16 09:31:01.250,0.134475
2020-07-16 09:31:01.500,0.134475
2020-07-16 09:31:01.750,0.135756
2020-07-16 09:31:02.000,0.137036
2020-07-16 09:31:02.250,0.137036
2020-07-16 09:31:02.500,0.138317
2020-07-16 09:31:02.750,0.138317
2020-07-16 09:31:03.000,0.137036
2020-07-16 09:31:03.250,0.138317
2020-07-16 09:31:03.500,0.137036
2020-07-16 09:31:03.750,0.138317
2020-07-16 09:31:04.000,0.138317
2020-07-16 09:31:04.250,0.139598
2020-07-16 09:31:04.500,0.139598
2020-07-16 09:31:04.750,0.138317
2020-07-16 09:31:05.000,0.139598
2020-07-16 09:31:05.250,0.139598
2020-07-16 09:31:05.500,0.139598
2020-07-16 09:31:05.750,0.139598
2020-07-16 09:31:06.000,0.139598
2020-07-16 09:31:06.250,0.140879
2020-07-16 09:31:06.500,0.140879
2020-07-16 09:31:06.750,0.139598
2020-07-16 09:31:07.000,0.139598
2020-07-16 09:31:07.250,0.139598
2020-07-16 09:31:07.500,0.139598
