datetime,hr
2020-07-16 09:29:13,71.0
2020-07-16 09:29:14,84.0
2020-07-16 09:29:15,81.67
2020-07-16 09:29:16,82.5
2020-07-16 09:29:17,78.6
2020-07-16 09:29:18,88.67
2020-07-16 09:29:19,94.57
2020-07-16 09:29:20,95.38
2020-07-16 09:29:21,96.0
2020-07-16 09:29:22,96.2
2020-07-16 09:29:23,96.73
2020-07-16 09:29:24,97.0
2020-07-16 09:29:25,97.23
2020-07-16 09:29:26,97.36
2020-07-16 09:29:27,97.53
2020-07-16 09:29:28,97.62
2020-07-16 09:29:29,97.41
2020-07-16 09:29:30,97.33
2020-07-16 09:29:31,97.26
2020-07-16 09:29:32,97.25
2020-07-16 09:29:33,97.29
2020-07-16 09:29:34,97.45
2020-07-16 09:29:35,97.7
2020-07-16 09:29:36,97.83
2020-07-16 09:29:37,98.04
2020-07-16 09:29:38,97.73
2020-07-16 09:29:39,96.78
2020-07-16 09:29:40,95.89
2020-07-16 09:29:41,95.07
2020-07-16 09:29:42,94.3
2020-07-16 09:29:43,93.68
2020-07-16 09:29:44,93.12
2020-07-16 09:29:45,92.61
2020-07-16 09:29:46,92.32
2020-07-16 09:29:47,92.03
2020-07-16 09:29:48,91.75
2020-07-16 09:29:49,91.43
2020-07-16 09:29:50,91.13
2020-07-16 09:29:51,90.79
2020-07-16 09:29:52,90.53
2020-07-16 09:29:53,90.29
2020-07-16 09:29:54,90.12
2020-07-16 09:29:55,89.93
2020-07-16 09:29:56,89.77
2020-07-16 09:29:57,89.64
2020-07-16 09:29:58,89.5
2020-07-16 09:29:59,89.36
2020-07-16 09:30:00,89.25
2020-07-16 09:30:01,89.08
2020-07-16 09:30:02,88.9
2020-07-16 09:30:03,88.71
2020-07-16 09:30:04,88.48
2020-07-16 09:30:05,88.32
2020-07-16 09:30:06,88.19
2020-07-16 09:30:07,88.09
2020-07-16 09:30:08,88.07
2020-07-16 09:30:09,88.0
2020-07-16 09:30:10,87.93
2020-07-16 09:30:11,87.85
2020-07-16 09:30:12,87.77
2020-07-16 09:30:13,87.93
2020-07-16 09:30:14,87.67
2020-07-16 09:30:15,87.73
2020-07-16 09:30:16,87.68
2020-07-16 09:30:17,88.03
2020-07-16 09:30:18,87.08
2020-07-16 09:30:19,86.25
2020-07-16 09:30:20,85.9
2020-07-16 09:30:21,85.65
2020-07-16 09:30:22,85.42
2020-07-16 09:30:23,85.1
2020-07-16 09:30:24,84.82
2020-07-16 09:30:25,84.38
2020-07-16 09:30:26,83.95
2020-07-16 09:30:27,83.5
2020-07-16 09:30:28,83.05
2020-07-16 09:30:29,82.68
2020-07-16 09:30:30,82.28
2020-07-16 09:30:31,81.88
2020-07-16 09:30:32,81.45
2020-07-16 09:30:33,81.02
2020-07-16 09:30:34,80.53
2020-07-16 09:30:35,80.05
2020-07-16 09:30:36,79.6
2020-07-16 09:30:37,79.1
2020-07-16 09:30:38,78.82
2020-07-16 09:30:39,78.82
2020-07-16 09:30:40,78.82
2020-07-16 09:30:41,78.8
2020-07-16 09:30:42,78.78
2020-07-16 09:30:43,78.72
2020-07-16 09:30:44,78.53
2020-07-16 09:30:45,78.37
2020-07-16 09:30:46,78.08
2020-07-16 09:30:47,77.82
2020-07-16 09:30:48,77.55
2020-07-16 09:30:49,77.35
2020-07-16 09:30:50,77.03
2020-07-16 09:30:51,76.73
2020-07-16 09:30:52,76.35
2020-07-16 09:30:53,76.0
2020-07-16 09:30:54,75.62
2020-07-16 09:30:55,75.47
2020-07-16 09:30:56,75.32
2020-07-16 09:30:57,75.17
2020-07-16 09:30:58,75.08
2020-07-16 09:30:59,75.0
2020-07-16 09:31:00,74.9
2020-07-16 09:31:01,74.83
2020-07-16 09:31:02,74.77
2020-07-16 09:31:03,74.72
2020-07-16 09:31:04,74.68
2020-07-16 09:31:05,74.6
2020-07-16 09:31:06,74.5
2020-07-16 09:31:07,74.37
2020-07-16 09:31:08,74.17
2020-07-16 09:31:09,74.02
2020-07-16 09:31:10,73.87
2020-07-16 09:31:11,73.73
2020-07-16 09:31:12,73.62
2020-07-16 09:31:13,73.53
2020-07-16 09:31:14,73.43
2020-07-16 09:31:15,73.35
2020-07-16 09:31:16,73.27
2020-07-16 09:31:17,73.15
2020-07-16 09:31:18,73.08
2020-07-16 09:31:19,73.03
2020-07-16 09:31:20,72.98
2020-07-16 09:31:21,72.85
2020-07-16 09:31:22,72.73
2020-07-16 09:31:23,72.63
2020-07-16 09:31:24,72.5
2020-07-16 09:31:25,72.52
2020-07-16 09:31:26,72.52
2020-07-16 09:31:27,72.47
2020-07-16 09:31:28,72.43
2020-07-16 09:31:29,72.38
2020-07-16 09:31:30,72.33
2020-07-16 09:31:31,72.27
2020-07-16 09:31:32,72.18
2020-07-16 09:31:33,72.42
2020-07-16 09:31:34,72.63
2020-07-16 09:31:35,72.78
2020-07-16 09:31:36,72.98
2020-07-16 09:31:37,73.08
2020-07-16 09:31:38,73.18
2020-07-16 09:31:39,73.28
2020-07-16 09:31:40,73.38
2020-07-16 09:31:41,73.48
2020-07-16 09:31:42,73.57
2020-07-16 09:31:43,73.68
2020-07-16 09:31:44,73.93
2020-07-16 09:31:45,74.18
2020-07-16 09:31:46,74.43
2020-07-16 09:31:47,74.72
2020-07-16 09:31:48,75.0
2020-07-16 09:31:49,75.27
2020-07-16 09:31:50,75.73
2020-07-16 09:31:51,76.22
2020-07-16 09:31:52,76.75
2020-07-16 09:31:53,77.23
2020-07-16 09:31:54,77.68
2020-07-16 09:31:55,77.92
2020-07-16 09:31:56,78.12
2020-07-16 09:31:57,78.23
2020-07-16 09:31:58,78.25
2020-07-16 09:31:59,78.3
2020-07-16 09:32:00,78.32
2020-07-16 09:32:01,79.45
2020-07-16 09:32:02,80.6
2020-07-16 09:32:03,81.73
2020-07-16 09:32:04,82.87
2020-07-16 09:32:05,83.98
2020-07-16 09:32:06,84.23
2020-07-16 09:32:07,84.52
2020-07-16 09:32:08,84.77
2020-07-16 09:32:09,85.0
2020-07-16 09:32:10,85.25
2020-07-16 09:32:11,85.5
2020-07-16 09:32:12,85.58
2020-07-16 09:32:13,85.67
2020-07-16 09:32:14,85.72
2020-07-16 09:32:15,85.9
2020-07-16 09:32:16,86.08
2020-07-16 09:32:17,86.27
2020-07-16 09:32:18,86.42
2020-07-16 09:32:19,86.57
2020-07-16 09:32:20,86.72
2020-07-16 09:32:21,86.73
2020-07-16 09:32:22,86.8
2020-07-16 09:32:23,86.87
2020-07-16 09:32:24,86.98
2020-07-16 09:32:25,87.02
2020-07-16 09:32:26,87.08
2020-07-16 09:32:27,87.08
2020-07-16 09:32:28,87.08
2020-07-16 09:32:29,87.1
2020-07-16 09:32:30,87.12
2020-07-16 09:32:31,87.13
2020-07-16 09:32:32,87.2
2020-07-16 09:32:33,86.97
2020-07-16 09:32:34,86.77
2020-07-16 09:32:35,86.65
2020-07-16 09:32:36,86.5
2020-07-16 09:32:37,86.47
2020-07-16 09:32:38,86.45
2020-07-16 09:32:39,86.43
2020-07-16 09:32:40,86.43
2020-07-16 09:32:41,86.45
2020-07-16 09:32:42,86.48
2020-07-16 09:32:43,86.48
2020-07-16 09:32:44,86.45
2020-07-16 09:32:45,86.4
2020-07-16 09:32:46,86.35
2020-07-16 09:32:47,86.27
2020-07-16 09:32:48,86.18
2020-07-16 09:32:49,86.07
2020-07-16 09:32:50,85.87
2020-07-16 09:32:51,85.67
2020-07-16 09:32:52,85.47
2020-07-16 09:32:53,85.28
2020-07-16 09:32:54,85.13
2020-07-16 09:32:55,84.98
2020-07-16 09:32:56,84.85
2020-07-16 09:32:57,84.78
2020-07-16 09:32:58,84.77
2020-07-16 09:32:59,84.72
2020-07-16 09:33:00,84.68
2020-07-16 09:33:01,83.55
2020-07-16 09:33:02,82.42
2020-07-16 09:33:03,81.3
2020-07-16 09:33:04,80.2
2020-07-16 09:33:05,79.12
2020-07-16 09:33:06,78.9
2020-07-16 09:33:07,78.65
2020-07-16 09:33:08,78.43
2020-07-16 09:33:09,78.23
2020-07-16 09:33:10,78.03
2020-07-16 09:33:11,77.83
2020-07-16 09:33:12,77.78
2020-07-16 09:33:13,77.73
2020-07-16 09:33:14,77.73
2020-07-16 09:33:15,77.58
2020-07-16 09:33:16,77.4
2020-07-16 09:33:17,77.23
2020-07-16 09:33:18,77.08
2020-07-16 09:33:19,76.92
2020-07-16 09:33:20,76.75
2020-07-16 09:33:21,76.7
2020-07-16 09:33:22,76.6
2020-07-16 09:33:23,76.52
2020-07-16 09:33:24,76.42
2020-07-16 09:33:25,76.42
2020-07-16 09:33:26,76.43
2020-07-16 09:33:27,76.6
2020-07-16 09:33:28,76.77
2020-07-16 09:33:29,76.93
2020-07-16 09:33:30,77.1
2020-07-16 09:33:31,77.33
2020-07-16 09:33:32,77.5
2020-07-16 09:33:33,77.65
2020-07-16 09:33:34,77.8
2020-07-16 09:33:35,77.93
2020-07-16 09:33:36,78.08
2020-07-16 09:33:37,78.22
2020-07-16 09:33:38,78.33
2020-07-16 09:33:39,78.5
2020-07-16 09:33:40,78.62
2020-07-16 09:33:41,78.72
2020-07-16 09:33:42,78.78
2020-07-16 09:33:43,78.83
2020-07-16 09:33:44,78.85
2020-07-16 09:33:45,78.85
2020-07-16 09:33:46,78.8
2020-07-16 09:33:47,78.77
2020-07-16 09:33:48,78.75
2020-07-16 09:33:49,78.77
2020-07-16 09:33:50,78.8
2020-07-16 09:33:51,78.83
2020-07-16 09:33:52,78.87
2020-07-16 09:33:53,78.87
2020-07-16 09:33:54,78.85
2020-07-16 09:33:55,78.82
2020-07-16 09:33:56,78.82
2020-07-16 09:33:57,78.78
2020-07-16 09:33:58,78.75
2020-07-16 09:33:59,78.73
2020-07-16 09:34:00,78.72
2020-07-16 09:34:01,78.75
2020-07-16 09:34:02,78.77
2020-07-16 09:34:03,78.78
2020-07-16 09:34:04,78.8
2020-07-16 09:34:05,78.8
2020-07-16 09:34:06,78.82
2020-07-16 09:34:07,78.82
2020-07-16 09:34:08,78.83
2020-07-16 09:34:09,78.83
2020-07-16 09:34:10,78.8
2020-07-16 09:34:11,78.78
2020-07-16 09:34:12,78.73
2020-07-16 09:34:13,78.63
2020-07-16 09:34:14,78.52
2020-07-16 09:34:15,78.4
2020-07-16 09:34:16,78.28
2020-07-16 09:34:17,78.12
2020-07-16 09:34:18,77.87
2020-07-16 09:34:19,77.63
2020-07-16 09:34:20,77.4
2020-07-16 09:34:21,77.15
2020-07-16 09:34:22,76.9
2020-07-16 09:34:23,76.52
2020-07-16 09:34:24,76.15
2020-07-16 09:34:25,75.82
2020-07-16 09:34:26,75.47
2020-07-16 09:34:27,75.08
2020-07-16 09:34:28,74.73
2020-07-16 09:34:29,74.33
2020-07-16 09:34:30,73.95
2020-07-16 09:34:31,73.53
2020-07-16 09:34:32,73.2
2020-07-16 09:34:33,72.85
2020-07-16 09:34:34,72.47
2020-07-16 09:34:35,72.02
2020-07-16 09:34:36,71.48
2020-07-16 09:34:37,70.97
2020-07-16 09:34:38,70.43
2020-07-16 09:34:39,69.83
2020-07-16 09:34:40,69.3
2020-07-16 09:34:41,68.77
2020-07-16 09:34:42,68.23
2020-07-16 09:34:43,67.68
2020-07-16 09:34:44,67.27
2020-07-16 09:34:45,66.9
2020-07-16 09:34:46,66.67
2020-07-16 09:34:47,66.42
2020-07-16 09:34:48,66.13
2020-07-16 09:34:49,65.83
2020-07-16 09:34:50,65.45
2020-07-16 09:34:51,65.27
2020-07-16 09:34:52,65.08
2020-07-16 09:34:53,64.93
2020-07-16 09:34:54,64.8
2020-07-16 09:34:55,64.68
2020-07-16 09:34:56,64.57
2020-07-16 09:34:57,64.5
2020-07-16 09:34:58,64.42
2020-07-16 09:34:59,64.33
2020-07-16 09:35:00,64.25
2020-07-16 09:35:01,64.13
2020-07-16 09:35:02,64.07
2020-07-16 09:35:03,64.0
2020-07-16 09:35:04,63.92
2020-07-16 09:35:05,63.83
2020-07-16 09:35:06,63.78
2020-07-16 09:35:07,63.75
2020-07-16 09:35:08,63.72
2020-07-16 09:35:09,63.68
2020-07-16 09:35:10,63.68
2020-07-16 09:35:11,63.67
2020-07-16 09:35:12,63.73
2020-07-16 09:35:13,63.9
2020-07-16 09:35:14,64.08
2020-07-16 09:35:15,64.28
2020-07-16 09:35:16,64.47
2020-07-16 09:35:17,64.7
2020-07-16 09:35:18,65.05
2020-07-16 09:35:19,65.37
2020-07-16 09:35:20,65.7
2020-07-16 09:35:21,66.08
2020-07-16 09:35:22,66.43
2020-07-16 09:35:23,66.87
2020-07-16 09:35:24,67.32
2020-07-16 09:35:25,67.72
2020-07-16 09:35:26,68.12
2020-07-16 09:35:27,68.47
2020-07-16 09:35:28,68.88
2020-07-16 09:35:29,69.2
2020-07-16 09:35:30,69.48
2020-07-16 09:35:31,69.77
2020-07-16 09:35:32,70.02
2020-07-16 09:35:33,70.23
2020-07-16 09:35:34,70.48
2020-07-16 09:35:35,70.75
2020-07-16 09:35:36,71.05
2020-07-16 09:35:37,71.33
2020-07-16 09:35:38,71.65
2020-07-16 09:35:39,71.98
2020-07-16 09:35:40,72.23
2020-07-16 09:35:41,72.5
2020-07-16 09:35:42,72.78
2020-07-16 09:35:43,73.1
2020-07-16 09:35:44,73.33
2020-07-16 09:35:45,73.53
2020-07-16 09:35:46,73.53
2020-07-16 09:35:47,73.53
2020-07-16 09:35:48,73.53
2020-07-16 09:35:49,73.53
2020-07-16 09:35:50,73.6
2020-07-16 09:35:51,73.58
2020-07-16 09:35:52,73.55
2020-07-16 09:35:53,73.48
2020-07-16 09:35:54,73.4
2020-07-16 09:35:55,73.32
2020-07-16 09:35:56,73.28
2020-07-16 09:35:57,73.22
2020-07-16 09:35:58,73.15
2020-07-16 09:35:59,73.1
2020-07-16 09:36:00,73.03
2020-07-16 09:36:01,72.98
2020-07-16 09:36:02,72.88
2020-07-16 09:36:03,72.77
2020-07-16 09:36:04,72.6
2020-07-16 09:36:05,72.47
2020-07-16 09:36:06,72.15
2020-07-16 09:36:07,71.85
2020-07-16 09:36:08,71.58
2020-07-16 09:36:09,71.32
2020-07-16 09:36:10,71.0
2020-07-16 09:36:11,70.67
2020-07-16 09:36:12,70.3
2020-07-16 09:36:13,69.88
2020-07-16 09:36:14,69.45
2020-07-16 09:36:15,69.0
2020-07-16 09:36:16,68.57
2020-07-16 09:36:17,68.1
2020-07-16 09:36:18,67.67
2020-07-16 09:36:19,67.28
2020-07-16 09:36:20,66.92
2020-07-16 09:36:21,66.48
2020-07-16 09:36:22,66.07
2020-07-16 09:36:23,65.68
2020-07-16 09:36:24,65.33
2020-07-16 09:36:25,64.95
2020-07-16 09:36:26,64.6
2020-07-16 09:36:27,64.28
2020-07-16 09:36:28,64.0
2020-07-16 09:36:29,63.87
2020-07-16 09:36:30,63.72
2020-07-16 09:36:31,63.57
2020-07-16 09:36:32,63.37
2020-07-16 09:36:33,63.27
2020-07-16 09:36:34,63.18
2020-07-16 09:36:35,63.12
2020-07-16 09:36:36,63.08
2020-07-16 09:36:37,63.05
2020-07-16 09:36:38,63.0
2020-07-16 09:36:39,62.92
2020-07-16 09:36:40,62.87
2020-07-16 09:36:41,62.83
2020-07-16 09:36:42,62.82
2020-07-16 09:36:43,62.7
2020-07-16 09:36:44,62.57
2020-07-16 09:36:45,62.38
2020-07-16 09:36:46,62.33
2020-07-16 09:36:47,62.27
2020-07-16 09:36:48,62.18
2020-07-16 09:36:49,62.45
2020-07-16 09:36:50,62.7
2020-07-16 09:36:51,62.82
2020-07-16 09:36:52,62.97
2020-07-16 09:36:53,63.12
2020-07-16 09:36:54,63.23
2020-07-16 09:36:55,63.42
2020-07-16 09:36:56,63.52
2020-07-16 09:36:57,63.63
2020-07-16 09:36:58,63.77
2020-07-16 09:36:59,63.87
2020-07-16 09:37:00,64.02
2020-07-16 09:37:01,64.17
2020-07-16 09:37:02,64.33
2020-07-16 09:37:03,64.53
2020-07-16 09:37:04,64.78
2020-07-16 09:37:05,65.0
2020-07-16 09:37:06,65.33
2020-07-16 09:37:07,65.62
2020-07-16 09:37:08,65.85
2020-07-16 09:37:09,66.08
2020-07-16 09:37:10,66.35
2020-07-16 09:37:11,66.63
2020-07-16 09:37:12,66.88
2020-07-16 09:37:13,67.13
2020-07-16 09:37:14,67.38
2020-07-16 09:37:15,67.6
2020-07-16 09:37:16,67.83
2020-07-16 09:37:17,68.08
2020-07-16 09:37:18,68.28
2020-07-16 09:37:19,68.5
2020-07-16 09:37:20,68.7
2020-07-16 09:37:21,68.97
2020-07-16 09:37:22,69.27
2020-07-16 09:37:23,69.57
2020-07-16 09:37:24,69.78
2020-07-16 09:37:25,70.02
2020-07-16 09:37:26,70.22
2020-07-16 09:37:27,70.43
2020-07-16 09:37:28,70.53
2020-07-16 09:37:29,70.63
2020-07-16 09:37:30,70.73
2020-07-16 09:37:31,70.88
