datetime,ibi
2020-07-16 09:30:51.629972,0.734409
2020-07-16 09:30:52.411258,0.7812859999999999
2020-07-16 09:30:53.176918,0.76566
2020-07-16 09:30:53.880075,0.7031569999999999
2020-07-16 09:30:54.676987,0.7969109999999999
2020-07-16 09:30:55.473898,0.7969109999999999
2020-07-16 09:30:56.223933,0.750034
2020-07-16 09:30:56.958341,0.734409
2020-07-16 09:30:57.786504,0.8281629999999999
2020-07-16 09:30:58.567790,0.7812859999999999
2020-07-16 09:30:59.364702,0.7969109999999999
2020-07-16 09:31:00.192864,0.8281629999999999
2020-07-16 09:31:00.974150,0.7812859999999999
2020-07-16 09:31:01.880442,0.906291
2020-07-16 09:31:02.677353,0.7969109999999999
2020-07-16 09:31:03.443013,0.76566
2020-07-16 09:31:04.286802,0.8437889999999999
2020-07-16 09:31:05.114965,0.8281629999999999
2020-07-16 09:31:05.880625,0.76566
2020-07-16 09:31:06.630659,0.750034
2020-07-16 09:31:07.443196,0.812537
2020-07-16 09:31:08.240108,0.7969109999999999
2020-07-16 09:31:08.990142,0.750034
2020-07-16 09:31:09.818305,0.8281629999999999
2020-07-16 09:31:10.583965,0.76566
2020-07-16 09:31:11.365251,0.7812859999999999
2020-07-16 09:31:12.146537,0.7812859999999999
2020-07-16 09:32:27.118719,0.750034
2020-07-16 09:32:27.900004,0.7812859999999999
2020-07-16 09:32:28.712542,0.812537
2020-07-16 09:32:29.509453,0.7969109999999999
2020-07-16 09:32:30.259487,0.750034
2020-07-16 09:32:31.056399,0.7969109999999999
2020-07-16 09:32:31.806433,0.750034
2020-07-16 09:32:32.572093,0.76566
2020-07-16 09:32:33.322128,0.750034
2020-07-16 09:32:34.119039,0.7969109999999999
2020-07-16 09:32:34.853448,0.734409
2020-07-16 09:32:35.681611,0.8281629999999999
2020-07-16 09:32:36.431645,0.750034
2020-07-16 09:32:37.212931,0.7812859999999999
2020-07-16 09:32:37.916088,0.7031569999999999
2020-07-16 09:32:38.697374,0.7812859999999999
2020-07-16 09:32:39.494285,0.7969109999999999
2020-07-16 09:32:40.244319,0.750034
2020-07-16 09:32:40.994354,0.750034
2020-07-16 09:32:41.728762,0.734409
2020-07-16 09:32:42.588177,0.8594139999999999
2020-07-16 09:32:43.338211,0.750034
2020-07-16 09:32:44.166374,0.8281629999999999
2020-07-16 09:32:44.932034,0.76566
2020-07-16 09:32:45.713320,0.7812859999999999
2020-07-16 09:32:46.463354,0.750034
2020-07-16 09:32:47.244640,0.7812859999999999
2020-07-16 09:32:48.041551,0.7969109999999999
2020-07-16 09:32:48.838463,0.7969109999999999
2020-07-16 09:32:49.588497,0.750034
2020-07-16 09:32:50.338531,0.750034
2020-07-16 09:32:51.119817,0.7812859999999999
2020-07-16 09:32:51.869852,0.750034
2020-07-16 09:32:52.651137,0.7812859999999999
2020-07-16 09:32:53.432423,0.7812859999999999
2020-07-16 09:32:54.198083,0.76566
2020-07-16 09:32:54.932492,0.734409
2020-07-16 09:32:55.729403,0.7969109999999999
2020-07-16 09:32:56.495063,0.76566
2020-07-16 09:32:57.260723,0.76566
2020-07-16 09:32:58.042009,0.7812859999999999
2020-07-16 09:32:58.823295,0.7812859999999999
2020-07-16 09:32:59.620206,0.7969109999999999
2020-07-16 09:33:00.370241,0.750034
2020-07-16 09:33:01.135901,0.76566
2020-07-16 09:33:01.932812,0.7969109999999999
2020-07-16 09:33:02.682847,0.750034
2020-07-16 09:33:03.448507,0.76566
2020-07-16 09:33:04.229792,0.7812859999999999
2020-07-16 09:33:04.995452,0.76566
2020-07-16 09:33:05.776738,0.7812859999999999
2020-07-16 09:33:06.542398,0.76566
2020-07-16 09:33:07.323684,0.7812859999999999
2020-07-16 09:33:08.120595,0.7969109999999999
2020-07-16 09:33:08.855004,0.734409
2020-07-16 09:33:09.636290,0.7812859999999999
2020-07-16 09:33:10.401950,0.76566
2020-07-16 09:33:11.167610,0.76566
2020-07-16 09:33:11.948896,0.7812859999999999
2020-07-16 09:33:12.745807,0.7969109999999999
2020-07-16 09:33:13.495842,0.750034
2020-07-16 09:33:14.308379,0.812537
2020-07-16 09:33:15.042787,0.734409
2020-07-16 09:34:07.107671,0.76566
2020-07-16 09:34:07.826453,0.718783
2020-07-16 09:34:29.624326,0.8281629999999999
2020-07-16 09:35:44.893397,0.750034
2020-07-16 09:35:45.768437,0.8750399999999999
2020-07-16 09:35:46.534097,0.76566
2020-07-16 09:35:47.299757,0.76566
2020-07-16 09:35:48.065417,0.76566
2020-07-16 09:35:48.831077,0.76566
2020-07-16 09:36:07.160041,0.7812859999999999
2020-07-16 09:36:43.802343,0.687531
2020-07-16 09:36:44.661757,0.8594139999999999
2020-07-16 09:36:45.536798,0.8750399999999999
2020-07-16 09:36:46.364960,0.8281629999999999
2020-07-16 09:36:47.161872,0.7969109999999999
2020-07-16 09:36:48.005661,0.8437889999999999
2020-07-16 09:36:48.755695,0.750034
2020-07-16 09:36:49.599483,0.8437889999999999
2020-07-16 09:36:50.333892,0.734409
2020-07-16 09:36:51.115178,0.7812859999999999
2020-07-16 09:36:51.912089,0.7969109999999999
2020-07-16 09:36:52.709001,0.7969109999999999
2020-07-16 09:36:58.896784,0.687531
2020-07-16 09:36:59.631193,0.734409
2020-07-16 09:37:00.381227,0.750034
2020-07-16 09:37:01.209390,0.8281629999999999
2020-07-16 09:37:01.943799,0.734409
2020-07-16 09:37:02.896967,0.953169
2020-07-16 09:37:03.725130,0.8281629999999999
2020-07-16 09:37:04.584544,0.8594139999999999
2020-07-16 09:37:05.412707,0.8281629999999999
2020-07-16 09:37:06.193993,0.7812859999999999
2020-07-16 09:37:06.959653,0.76566
2020-07-16 09:37:16.241328,0.750034
2020-07-16 09:37:17.069491,0.8281629999999999
2020-07-16 09:37:17.882028,0.812537
2020-07-16 09:37:26.023026,0.7969109999999999
2020-07-16 09:37:26.788686,0.76566
2020-07-16 09:37:43.414447,0.7969109999999999
2020-07-16 09:37:44.226984,0.812537
2020-07-16 09:37:45.039521,0.812537
2020-07-16 09:37:45.820807,0.7812859999999999
2020-07-16 09:37:46.633344,0.812537
2020-07-16 09:37:47.430256,0.7969109999999999
2020-07-16 09:37:48.242793,0.812537
2020-07-16 09:37:49.008453,0.76566
2020-07-16 09:37:49.805364,0.7969109999999999
2020-07-16 09:37:50.617902,0.812537
2020-07-16 09:37:51.414813,0.7969109999999999
2020-07-16 09:37:52.196099,0.7812859999999999
2020-07-16 09:37:52.993010,0.7969109999999999
2020-07-16 09:37:53.774296,0.7812859999999999
2020-07-16 09:37:54.539956,0.76566
2020-07-16 09:37:55.305616,0.76566
2020-07-16 09:37:56.211908,0.906291
2020-07-16 09:37:56.868188,0.65628
2020-07-16 09:37:57.618222,0.750034
2020-07-16 09:37:58.493262,0.8750399999999999
2020-07-16 09:37:59.180794,0.687531
2020-07-16 09:37:59.883951,0.7031569999999999
2020-07-16 09:38:00.727739,0.8437889999999999
2020-07-16 09:38:01.477774,0.750034
2020-07-16 09:38:02.227808,0.750034
2020-07-16 09:38:02.962217,0.734409
2020-07-16 09:38:10.493811,0.718783
2020-07-16 09:38:11.259471,0.76566
2020-07-16 09:38:33.994887,0.8281629999999999
2020-07-16 09:38:34.823050,0.8281629999999999
2020-07-16 09:38:35.619962,0.7969109999999999
2020-07-16 09:38:36.401247,0.7812859999999999
2020-07-16 09:38:37.229410,0.8281629999999999
2020-07-16 09:38:38.057573,0.8281629999999999
2020-07-16 09:38:38.823233,0.76566
2020-07-16 09:38:39.635770,0.812537
2020-07-16 09:38:40.432682,0.7969109999999999
2020-07-16 09:38:41.182716,0.750034
2020-07-16 09:38:41.979628,0.7969109999999999
2020-07-16 09:38:42.776539,0.7969109999999999
2020-07-16 09:38:43.510948,0.734409
2020-07-16 09:38:44.339111,0.8281629999999999
2020-07-16 09:39:22.528359,0.734409
2020-07-16 09:39:35.700837,0.812537
2020-07-16 09:39:36.403994,0.7031569999999999
2020-07-16 09:39:37.154028,0.750034
2020-07-16 09:39:37.935314,0.7812859999999999
2020-07-16 09:39:38.669723,0.734409
2020-07-16 09:39:53.514152,0.718783
2020-07-16 09:39:54.279812,0.76566
2020-07-16 09:40:19.796605,0.625029
2020-07-16 09:40:45.875924,0.65628
2020-07-16 09:40:46.719712,0.8437889999999999
2020-07-16 09:40:47.469747,0.750034
2020-07-16 09:40:48.313535,0.8437889999999999
2020-07-16 09:40:49.297956,0.9844200000000001
2020-07-16 09:41:42.222253,0.8437889999999999
2020-07-16 09:41:43.019165,0.7969109999999999
2020-07-16 09:41:43.847327,0.8281629999999999
2020-07-16 09:41:44.691116,0.8437889999999999
2020-07-16 09:41:45.691162,1.000046
2020-07-16 09:41:49.566339,0.7969109999999999
2020-07-16 09:41:50.285122,0.718783
2020-07-16 09:41:51.253917,0.968794
2020-07-16 09:41:52.019577,0.76566
2020-07-16 09:41:52.847739,0.8281629999999999
2020-07-16 09:41:53.597774,0.750034
2020-07-16 09:41:54.379060,0.7812859999999999
2020-07-16 09:41:55.144720,0.76566
2020-07-16 09:42:26.599284,0.812537
2020-07-16 09:42:27.364944,0.76566
2020-07-16 09:42:28.146230,0.7812859999999999
2020-07-16 09:42:28.943142,0.7969109999999999
2020-07-16 09:42:29.755679,0.812537
2020-07-16 09:42:30.568216,0.812537
2020-07-16 09:42:31.318250,0.750034
2020-07-16 09:42:32.115162,0.7969109999999999
2020-07-16 09:42:32.896448,0.7812859999999999
2020-07-16 09:42:33.630856,0.734409
2020-07-16 09:42:34.412142,0.7812859999999999
2020-07-16 09:42:35.146551,0.734409
2020-07-16 09:42:35.849708,0.7031569999999999
2020-07-16 09:42:59.866432,0.7031569999999999
2020-07-16 09:43:00.444584,0.578151
2020-07-16 09:43:13.554559,0.7812859999999999
2020-07-16 09:43:14.335845,0.7812859999999999
2020-07-16 09:43:15.132756,0.7969109999999999
2020-07-16 09:43:15.945293,0.812537
2020-07-16 09:43:16.695328,0.750034
2020-07-16 09:43:17.445362,0.750034
2020-07-16 09:43:18.257899,0.812537
2020-07-16 09:43:18.992308,0.734409
2020-07-16 09:43:19.726716,0.734409
2020-07-16 09:43:20.508002,0.7812859999999999
2020-07-16 09:43:21.304914,0.7969109999999999
2020-07-16 09:43:22.008071,0.7031569999999999
2020-07-16 09:43:22.789356,0.7812859999999999
2020-07-16 09:43:23.570642,0.7812859999999999
2020-07-16 09:43:43.430926,0.734409
2020-07-16 09:43:44.227838,0.7969109999999999
2020-07-16 09:43:45.024749,0.7969109999999999
2020-07-16 09:43:45.743532,0.718783
2020-07-16 09:43:46.556069,0.812537
2020-07-16 09:43:47.337355,0.7812859999999999
2020-07-16 09:44:15.463643,0.734409
2020-07-16 09:44:16.213677,0.750034
2020-07-16 09:44:50.590250,0.750034
2020-07-16 09:44:51.387162,0.7969109999999999
2020-07-16 09:44:52.184073,0.7969109999999999
2020-07-16 09:44:52.824728,0.640654
2020-07-16 09:44:53.434131,0.609403
2020-07-16 09:44:59.496908,0.734409
2020-07-16 09:45:04.247126,0.8437889999999999
2020-07-16 09:45:04.981534,0.734409
2020-07-16 09:45:05.825323,0.8437889999999999
2020-07-16 09:45:06.669111,0.8437889999999999
2020-07-16 09:45:07.403520,0.734409
2020-07-16 09:45:08.262934,0.8594139999999999
2020-07-16 09:45:08.950466,0.687531
2020-07-16 09:45:09.794255,0.8437889999999999
2020-07-16 09:45:10.591166,0.7969109999999999
2020-07-16 09:45:28.607616,0.76566
2020-07-16 09:46:04.468632,0.7969109999999999
2020-07-16 09:46:05.234292,0.76566
2020-07-16 09:46:05.984327,0.750034
2020-07-16 09:46:06.828115,0.8437889999999999
2020-07-16 09:46:07.625027,0.7969109999999999
2020-07-16 09:46:08.375061,0.750034
2020-07-16 09:46:09.203224,0.8281629999999999
2020-07-16 09:46:10.078264,0.8750399999999999
2020-07-16 09:46:10.797047,0.718783
2020-07-16 09:46:11.547081,0.750034
2020-07-16 09:46:12.265864,0.718783
2020-07-16 09:46:22.625713,0.7031569999999999
2020-07-16 09:46:23.406999,0.7812859999999999
2020-07-16 09:46:24.172659,0.76566
2020-07-16 09:46:24.953945,0.7812859999999999
2020-07-16 09:46:25.735231,0.7812859999999999
2020-07-16 09:46:26.516516,0.7812859999999999
2020-07-16 09:46:27.282176,0.76566
2020-07-16 09:46:28.063462,0.7812859999999999
2020-07-16 09:46:28.844748,0.7812859999999999
2020-07-16 09:46:29.547905,0.7031569999999999
2020-07-16 09:46:30.344817,0.7969109999999999
2020-07-16 09:46:31.126102,0.7812859999999999
2020-07-16 09:46:31.876137,0.750034
2020-07-16 09:46:32.657423,0.7812859999999999
2020-07-16 09:46:33.407457,0.750034
2020-07-16 09:46:34.204368,0.7969109999999999
2020-07-16 09:46:35.032531,0.8281629999999999
2020-07-16 09:46:42.001600,0.7969109999999999
2020-07-16 09:46:42.892266,0.890666
2020-07-16 09:46:43.657926,0.76566
2020-07-16 09:46:44.501715,0.8437889999999999
2020-07-16 09:46:45.283000,0.7812859999999999
2020-07-16 09:46:46.111163,0.8281629999999999
2020-07-16 09:46:46.908075,0.7969109999999999
2020-07-16 09:46:47.736238,0.8281629999999999
2020-07-16 09:46:48.533149,0.7969109999999999
2020-07-16 09:46:49.345686,0.812537
2020-07-16 09:46:50.142598,0.7969109999999999
2020-07-16 09:46:50.908258,0.76566
2020-07-16 09:46:51.720795,0.812537
2020-07-16 09:46:52.486455,0.76566
2020-07-16 09:46:53.314618,0.8281629999999999
2020-07-16 09:46:54.049027,0.734409
2020-07-16 09:47:12.909265,0.687531
2020-07-16 09:47:13.737428,0.8281629999999999
2020-07-16 09:47:39.019835,0.968794
2020-07-16 09:47:39.832372,0.812537
2020-07-16 09:47:40.566781,0.734409
2020-07-16 09:47:41.348067,0.7812859999999999
2020-07-16 09:47:42.191855,0.8437889999999999
2020-07-16 09:47:42.973141,0.7812859999999999
2020-07-16 09:47:43.770053,0.7969109999999999
2020-07-16 09:47:44.629467,0.8594139999999999
2020-07-16 09:47:45.395127,0.76566
2020-07-16 09:47:46.192039,0.7969109999999999
2020-07-16 09:47:46.973324,0.7812859999999999
2020-07-16 09:47:47.832739,0.8594139999999999
2020-07-16 09:47:48.660902,0.8281629999999999
2020-07-16 09:47:49.520316,0.8594139999999999
2020-07-16 09:47:50.364105,0.8437889999999999
2020-07-16 09:47:51.192267,0.8281629999999999
2020-07-16 09:47:52.020430,0.8281629999999999
2020-07-16 09:47:52.848593,0.8281629999999999
2020-07-16 09:47:53.661130,0.812537
2020-07-16 09:47:54.442416,0.7812859999999999
2020-07-16 09:47:55.239328,0.7969109999999999
2020-07-16 09:47:56.098742,0.8594139999999999
2020-07-16 09:47:56.848776,0.750034
2020-07-16 09:47:57.645688,0.7969109999999999
2020-07-16 09:47:58.489476,0.8437889999999999
2020-07-16 09:47:59.317639,0.8281629999999999
2020-07-16 09:48:00.098925,0.7812859999999999
2020-07-16 09:48:07.255503,0.7969109999999999
2020-07-16 09:48:08.099291,0.8437889999999999
2020-07-16 09:48:18.349761,0.76566
2020-07-16 09:48:19.131046,0.7812859999999999
2020-07-16 09:48:19.927958,0.7969109999999999
2020-07-16 09:48:20.693618,0.76566
2020-07-16 09:48:21.490529,0.7969109999999999
2020-07-16 09:48:22.240564,0.750034
2020-07-16 09:48:23.099978,0.8594139999999999
2020-07-16 09:48:23.928141,0.8281629999999999
2020-07-16 09:48:24.709427,0.7812859999999999
2020-07-16 09:48:25.521964,0.812537
2020-07-16 09:48:26.303250,0.7812859999999999
2020-07-16 09:48:27.131413,0.8281629999999999
2020-07-16 09:48:32.569161,0.812537
2020-07-16 09:48:33.444201,0.8750399999999999
2020-07-16 09:48:34.225487,0.7812859999999999
2020-07-16 09:48:35.100527,0.8750399999999999
2020-07-16 09:48:35.975567,0.8750399999999999
2020-07-16 09:48:46.804188,0.812537
2020-07-16 09:48:47.476094,0.671906
2020-07-16 09:48:59.945415,0.7812859999999999
2020-07-16 09:49:00.773577,0.8281629999999999
2020-07-16 09:49:01.617366,0.8437889999999999
2020-07-16 09:49:02.461155,0.8437889999999999
2020-07-16 09:49:03.289318,0.8281629999999999
2020-07-16 09:49:04.164358,0.8750399999999999
2020-07-16 09:49:05.070649,0.906291
2020-07-16 09:49:05.914438,0.8437889999999999
2020-07-16 09:49:06.758226,0.8437889999999999
2020-07-16 09:49:07.539512,0.7812859999999999
2020-07-16 09:49:10.805287,0.750034
2020-07-16 09:49:11.602198,0.7969109999999999
2020-07-16 09:49:12.383484,0.7812859999999999
2020-07-16 09:49:13.149144,0.76566
2020-07-16 09:49:13.946055,0.7969109999999999
2020-07-16 09:49:14.758593,0.812537
2020-07-16 09:49:15.571130,0.812537
2020-07-16 09:49:16.368041,0.7969109999999999
2020-07-16 09:49:17.149327,0.7812859999999999
2020-07-16 09:49:18.008741,0.8594139999999999
2020-07-16 09:49:18.743150,0.734409
2020-07-16 09:49:19.633816,0.890666
2020-07-16 09:49:20.430727,0.7969109999999999
2020-07-16 09:49:21.165136,0.734409
2020-07-16 09:49:22.008924,0.8437889999999999
2020-07-16 09:49:22.883965,0.8750399999999999
2020-07-16 09:49:23.602747,0.718783
2020-07-16 09:49:28.431093,0.750034
2020-07-16 09:49:29.212379,0.7812859999999999
2020-07-16 09:49:30.024916,0.812537
2020-07-16 09:49:30.837454,0.812537
2020-07-16 09:49:31.587488,0.750034
2020-07-16 09:49:36.822103,0.640654
2020-07-16 09:49:37.587763,0.76566
2020-07-16 09:49:38.462803,0.8750399999999999
2020-07-16 09:49:39.212837,0.750034
2020-07-16 09:49:39.962871,0.750034
2020-07-16 09:49:40.806660,0.8437889999999999
2020-07-16 09:49:41.541069,0.734409
2020-07-16 09:49:42.337980,0.7969109999999999
2020-07-16 09:49:43.088014,0.750034
2020-07-16 09:49:43.869300,0.7812859999999999
2020-07-16 09:49:44.713089,0.8437889999999999
2020-07-16 09:49:45.478749,0.76566
2020-07-16 09:49:46.228783,0.750034
2020-07-16 09:49:47.025695,0.7969109999999999
2020-07-16 09:49:47.838232,0.812537
2020-07-16 09:49:48.635143,0.7969109999999999
2020-07-16 09:49:49.432055,0.7969109999999999
2020-07-16 09:49:50.244592,0.812537
2020-07-16 09:49:51.135258,0.890666
2020-07-16 09:49:51.932169,0.7969109999999999
2020-07-16 09:49:52.760332,0.8281629999999999
2020-07-16 09:49:53.541618,0.7812859999999999
2020-07-16 09:49:54.401032,0.8594139999999999
2020-07-16 09:51:05.310528,0.609403
2020-07-16 09:51:05.857428,0.5469
2020-07-16 09:51:06.544960,0.687531
2020-07-16 09:51:07.076234,0.531274
2020-07-16 09:51:15.404740,0.7031569999999999
2020-07-16 09:51:25.842718,0.640654
2020-07-16 09:51:36.624461,0.750034
2020-07-16 09:51:37.421373,0.7969109999999999
2020-07-16 09:52:03.297557,0.76566
2020-07-16 09:52:04.047592,0.750034
2020-07-16 09:52:04.797626,0.750034
2020-07-16 09:52:05.563286,0.76566
2020-07-16 09:52:06.375823,0.812537
2020-07-16 09:52:14.329312,0.76566
2020-07-16 09:52:15.126224,0.7969109999999999
2020-07-16 09:52:15.954387,0.8281629999999999
2020-07-16 09:52:16.688795,0.734409
2020-07-16 09:52:17.470081,0.7812859999999999
2020-07-16 09:52:18.266993,0.7969109999999999
2020-07-16 09:52:19.017027,0.750034
2020-07-16 09:52:19.782687,0.76566
2020-07-16 09:52:20.438967,0.65628
2020-07-16 09:52:39.127322,0.76566
2020-07-16 09:52:39.939860,0.812537
2020-07-16 09:52:40.752397,0.812537
2020-07-16 09:52:41.533683,0.7812859999999999
2020-07-16 09:52:42.314968,0.7812859999999999
2020-07-16 09:52:43.143131,0.8281629999999999
2020-07-16 09:52:43.877540,0.734409
2020-07-16 09:52:44.643200,0.76566
2020-07-16 09:52:45.346357,0.7031569999999999
2020-07-16 09:52:46.283900,0.937543
2020-07-16 09:52:51.846655,0.8437889999999999
2020-07-16 09:52:52.690443,0.8437889999999999
2020-07-16 09:52:53.471729,0.7812859999999999
2020-07-16 09:52:54.237389,0.76566
2020-07-16 09:52:55.034301,0.7969109999999999
2020-07-16 09:52:55.862463,0.8281629999999999
2020-07-16 09:52:56.706252,0.8437889999999999
2020-07-16 09:52:57.503164,0.7969109999999999
2020-07-16 09:52:58.300075,0.7969109999999999
2020-07-16 09:52:59.112612,0.812537
2020-07-16 09:52:59.862647,0.750034
2020-07-16 09:53:00.643932,0.7812859999999999
2020-07-16 09:53:14.832082,0.812537
2020-07-16 09:53:15.644619,0.812537
2020-07-16 09:53:16.488408,0.8437889999999999
2020-07-16 09:53:17.285319,0.7969109999999999
2020-07-16 09:53:18.050979,0.76566
2020-07-16 09:53:18.863516,0.812537
2020-07-16 09:53:26.957637,0.8594139999999999
2020-07-16 09:53:27.660794,0.7031569999999999
2020-07-16 09:53:28.426454,0.76566
2020-07-16 09:53:29.207740,0.7812859999999999
2020-07-16 09:53:30.020277,0.812537
2020-07-16 09:53:30.739060,0.718783
2020-07-16 09:53:31.504720,0.76566
2020-07-16 09:53:32.317257,0.812537
2020-07-16 09:53:33.129794,0.812537
2020-07-16 09:53:33.895454,0.76566
2020-07-16 09:53:34.676740,0.7812859999999999
2020-07-16 09:53:35.458026,0.7812859999999999
2020-07-16 09:53:36.301815,0.8437889999999999
2020-07-16 09:53:37.036223,0.734409
2020-07-16 09:53:37.833135,0.7969109999999999
2020-07-16 09:53:38.645672,0.812537
2020-07-16 09:53:39.442583,0.7969109999999999
2020-07-16 09:53:40.223869,0.7812859999999999
2020-07-16 09:53:41.208289,0.9844200000000001
2020-07-16 09:53:44.942835,0.718783
2020-07-16 09:53:45.817875,0.8750399999999999
2020-07-16 09:53:46.646038,0.8281629999999999
2020-07-16 09:53:51.786898,0.625029
2020-07-16 09:53:55.943339,0.7812859999999999
2020-07-16 09:54:00.943568,0.7969109999999999
2020-07-16 09:54:01.818608,0.8750399999999999
2020-07-16 09:54:02.631145,0.812537
2020-07-16 09:54:03.459308,0.8281629999999999
2020-07-16 09:54:04.287471,0.8281629999999999
2020-07-16 09:54:05.225013,0.937543
2020-07-16 09:54:05.912545,0.687531
2020-07-16 09:54:06.881339,0.968794
2020-07-16 09:54:11.412797,0.7969109999999999
2020-07-16 09:54:12.194082,0.7812859999999999
2020-07-16 09:54:12.944117,0.750034
2020-07-16 09:54:13.741028,0.7969109999999999
2020-07-16 09:54:14.600443,0.8594139999999999
2020-07-16 09:54:15.397354,0.7969109999999999
2020-07-16 09:54:16.225517,0.8281629999999999
2020-07-16 09:54:17.069306,0.8437889999999999
2020-07-16 09:54:17.881843,0.812537
2020-07-16 09:54:18.725631,0.8437889999999999
2020-07-16 09:54:19.600672,0.8750399999999999
2020-07-16 09:54:20.444460,0.8437889999999999
2020-07-16 09:54:21.241372,0.7969109999999999
2020-07-16 09:54:22.085160,0.8437889999999999
2020-07-16 09:54:22.928949,0.8437889999999999
2020-07-16 09:54:23.741486,0.812537
2020-07-16 09:54:24.569649,0.8281629999999999
2020-07-16 09:54:25.350935,0.7812859999999999
